EMP_Micro,EMP_Meso,EMP_Macro,EMP_Lengths,STN_Meso,STN_Macro,FMWT_Meso,FMWT_Macro,twentymm_Meso,FRP_Meso,FRP_Macro,YBFMP,LI_Meso,LI_Micro,DOP_Meso,DOP_Macro,Lifestage,Taxname,Level,Phylum,Class,Order,Family,Genus,Species,Intro,EMPstart,EMPend,FMWTstart,FMWTend,twentymmstart,twentymmend,twentymmstart2,DOPstart,DOPend,FRPstart,FRPend
,ACANTHO,,,ACANTHO,,ACANTHO,,Acanthocyclops,Acanthocyclops,,Acanthocyclops sp. adult,,,Acanthocyclops_spp_adult,,Adult,Acanthocyclops,Genus,Arthropoda,Copepoda,Cyclopoida,Cyclopidae,Acanthocyclops,,,1972,,2005,,1995,2010,2014,2017,,2016,
,ACARJUV,,,ACARJUV,,ACARJUV,,Acartia copepodid,Acartia copepodid,,,,,Acartia_spp_copepodid,,Juvenile,Acartia,Genus,Arthropoda,Copepoda,Calanoida,Acartiidae,Acartia,,,2006,,2006,,2006,,,2017,,2016,
,ACARTIA,,,ACARTIA,,ACARTIA,,Acartia spp_,Acartia spp.,,Acartia sp. adult,,,Acartia_spp_adult,,Adult,Acartia,Genus,Arthropoda,Copepoda,Calanoida,Acartiidae,Acartia,,,1972,,2005,,1995,,,2017,,2016,
,ACARTELA,,,ACARTELA,,ACARTELA,,Acartiella,Acartiella,,Acartiella sinensis adult,,,Acartiella_sinensis_adult,,Adult,Acartiella sinensis,Species,Arthropoda,Copepoda,Calanoida,Acartiidae,Acartiella,Acartiella sinensis,1993,1994,,2005,,1995,,,2017,,2016,
,ASINEJUV,,,ASINEJUV,,ASINEJUV,,,Acartiella copepodid,,,,,Acartiella_sinensis_copepodid,,Juvenile,Acartiella sinensis,Species,Arthropoda,Copepoda,Calanoida,Acartiidae,Acartiella,Acartiella sinensis,1993,2006,,2006,,,,,2017,,2016,
,,A_spinicorne,Americorophium spinicorne,,Americorophium spinicorne,,Americorophium_spinicorne,,Americorophium spinicorne,Americorophium spinicorne,,,,,Americorophium_spinicorne,Adult,Americorophium spinicorne,Species,Arthropoda,Malacostraca,Amphipoda,Corophiidae,Americorophium,Americorophium spinicorne,,2014,,2013,,,,,2017,,2016,
,,A_stimpsoni,Americorophium stimpsoni,,Americorophium stimpsoni,,Americorophium_stimpsoni,,Americorophium stimpsoni,Americorophium stimpsoni,,,,,Americorophium_stimpsoni,Adult,Americorophium stimpsoni,Species,Arthropoda,Malacostraca,Amphipoda,Corophiidae,Americorophium,Americorophium stimpsoni,,2014,,2013,,,,,2017,,2016,
,,,,,,,,,Amphipod juvenile,Amphipod juvenile,,,,,,Juvenile,Amphipoda,Order,Arthropoda,Malacostraca,Amphipoda,,,,,,,,,,,,,,2016,
,,Unidentified_Amphipod,Unidentified Amphipod,,Unidentified Amphipod,,Unidentified_Amphipod,,Amphipod UNID,Amphipod UNID,,,,,Amphipod_UNID,Adult,Amphipoda,Order,Arthropoda,Malacostraca,Amphipoda,,,,,1996,,2013,,,,,2017,,2016,
,,,,,,,,,Ant,Ant,,,,,,Adult,Formicidae,Family,Arthropoda,Insecta,Hymenoptera,Formicidae,,,,,,,,,,,,,2016,
,,,,,,,,,Aphididae adult,Aphididae adult,,,,,,Adult,Aphididae,Family,Arthropoda,Insecta,Hemiptera,Aphididae,,,,,,,,,,,,,2016,
,,,,,,,,,Aphididae larvae,Aphididae larvae,,,,,,Larva,Aphididae,Family,Arthropoda,Insecta,Hemiptera,Aphididae,,,,,,,,,,,,,2016,
,,,,,,,,,Asellidae,Asellidae,,,,,,Adult,Asellidae,Family,Arthropoda,Malacostraca,Isopoda,Asellidae,,,,,,,,,,,,,2016,
ASPLANCH,ASPLANCH,,,ASPLANCH,,ASPLANCH,,Asplanchna,Asplanchna,,,,,Asplanchna_spp,,Adult,Asplanchna,Genus,Rotifera,Eurotatoria,Ploima,Asplanchnidae,Asplanchna,,,1972,,2005,,1995,,,2017,,2016,
,,,,,,,,,Barnacle cyprid,,,,,,,Larva,Cirripedia,Class,Arthropoda,Cirripedia,,,,,,,,,,,,,,,2018,
BARNNAUP,BARNNAUP,,,BARNNAUP,,BARNNAUP,,Barnacle nauplii,Barnacle Nauplii,Barnacle Nauplii,Cirripedia nauplius,,,Barnacle_UNID_nauplii,,Larva,Cirripedia,Class,Arthropoda,Cirripedia,,,,,,1972,,2005,,1995,,,2017,,2016,
,,,,,,,,,Bdelloid,,,,,,,Adult,Bdelloidea,Class,Rotifera,Eurotatoria,Bdelloidea,,,,,,,,,,,,,,2023,
,,,,,,,,,Bigscale Logperch,Bigscale Logperch,,,,,,Juvenile,Percidae macrolepida,Species,Chordata,Actinopterygii,,Percidae,Percidae,Percidae macrolepida,,,,,,,,,,,2016,
,BOSMINA,,,BOSMINA,,BOSMINA,,Bosmina,Bosmina,,Bosmina longirostris undifferentiated,,,Bosmina_longirostris,,Adult,Bosmina longirostris,Species,Arthropoda,Branchiopoda,Cladocera,Bosminidae,Bosmina,Bosmina longirostris,,1972,,2005,,1995,,,2017,,2016,
,,,,,,,,,Brachionus,,,,,Brachionus_spp,,Adult,Brachionus,Genus,Rotifera,Eurotatoria,Ploima,Brachionidae,Brachionus,,,,,,,,,,2017,,2016,
,CALJUV,,,,,,,Calanoid copepodid,Calanoid copepodid,,,,,,,Juvenile,Calanoida,Order,Arthropoda,Copepoda,Calanoida,,,,,1972,1988,,,1995,,,,,2016,
,,,,,,,,UnID calanoid,Calanoid UNID,Calanoid UNID,Calanoida adult,,,Calanoid_UNID_adult,,Adult,Calanoida,Order,Arthropoda,Copepoda,Calanoida,,,,,,,,,2006,,,2017,,2016,
,,,,,,,,,Centipede,Centipede,,,,,,Adult,Chilopoda,Class,Arthropoda,Myriapoda,Chilopoda,,,,,,,,,,,,,,2023,
,,,,,,,,,Centrarchidae UNID,Centrarchidae UNID,,,,,,Larva,Centrarchidae,Family,Chordata,Actinopterygii,Perciformes,Centrarchidae,,,,,,,,,,,,,2018,
,,,,,,,,,Ceratopogonidae larvae,Ceratopogonidae larvae,,,,,,Larva,Ceratopogonidae,Family,Arthropoda,Insecta,Diptera,Ceratopogonidae,,,,,,,,,,,,,2016,
,,,,,,,,Ceriodaphnia,Ceriodaphnia,,,,,,,Adult,Ceriodaphnia,Genus,Arthropoda,Branchiopoda,Cladocera,Daphniidae,Ceriodaphnia,,,,,,,1995,,,,,2016,
,,,,,,,,Chironomid larvae,Chironomid larvae,Chironomid larvae,Chironomidae larva,,,,,Larva,Chironomidae,Family,Arthropoda,Insecta,Diptera,Chironomidae,,,,,,,,1995,2006,,,,2016,
,,,,,,,,,Chydoridae,,,,,Chydoridae_UNID,,Adult,Chydoridae,Family,Arthropoda,Branchiopoda,Cladocera,Chydoridae,,,,,,,,,,,2017,,2016,
,,,,,,,,UnID cladocera,Cladocera UNID,Cladocera UNID,,,,,,Adult,Cladocera,Order,Arthropoda,Branchiopoda,Cladocera,,,,,,,,,2006,,,,,2016,
,,,,,,,,,Clam Juvenile,Clam Juvenile,Bivalvia larva,,,,,Juvenile,Bivalvia,Class,Mollusca,Bivalvia,,,,,,,,,,,,,,,2016,
,,,,,,,,,Clam UNID,Clam UNID,Bivalvia undifferentiated,Bivalvia,Bivalvia,,,Undifferentiated,Bivalvia,Class,Mollusca,Bivalvia,,,,,,,,,,,,,,,2016,
,,,,,,,,,Coccidae adult,Coccidae adult,,,,,,Adult,Coccidae,Family,Arthropoda,Hexapoda,Hemiptera,Coccidae,,,,,,,,,,,,,2018,
,,,,,,,,,Coenagrionidae larvae,Coenagrionidae larvae,,,,,,Larva,Coenagrionidae,Family,Arthropoda,Insecta,Odonata,Coenagrionidae,,,,,,,,,,,,,2016,
,,,,,,,,,Coleoptera adult UNID,Coleoptera adult UNID,,,,,,Adult,Coleoptera,Order,Arthropoda,Insecta,Coleoptera,,,,,,,,,,,,,,2018,
,,,,,,,,,Coleoptera larvae UNID,Coleoptera larvae UNID,,,,,,Larva,Coleoptera,Order,Arthropoda,Insecta,Coleoptera,,,,,,,,,,,,,,2016,
,,,,,,,,,Collembola,Collembola,,,,,,Undifferentiated,Collembola,Class,Arthropoda,Collembola,,,,,,,,,,,,,,,2016,
,,,,,,,,,Common Carp,Common Carp,,,,,,Juvenile,Cyprinus carpio,Species,Chordata,Actinopterygii,,Cyprinidae,Cyprinus,Cyprinus carpio,,,,,,,,,,,2016,
,,,,,,,,,Conochilus,,,,,Conochilus_spp,,Adult,Conochilus,Genus,Rotifera,Eurotatoria,Flosculariaceae,Conochilidae,Conochilus,,,,,,,,,,2017,,2016,
,,,,,,,,,Copepod adult UNID,Copepod adult UNID,,,,,,Adult,Copepoda,Class,Arthropoda,Copepoda,,,,,,,,,,,,,,,2018,
,,,,,,,,,Copepod juvenile UNID,Copepod juvenile UNID,,,,,,Juvenile,Copepoda,Class,Arthropoda,Copepoda,,,,,,,,,,,,,,,2018,
OTHCOPNAUP,OTHCOPNAUP,,,OTHCOPNAUP,,OTHCOPNAUP,,,Copepod Nauplii,,,,,,,Larva,Copepoda,Class,Arthropoda,Copepoda,,,,,,1989,,2005,,,,,,,2016,
,,,,,,,,,Corbicula,Corbicula,,,,,,Adult,Corbicula fluminea,Species,Mollusca,Bivalvia,Veneroida,Corbiculidae,Corbicula,Corbicula fluminea,,,,,,,,,,,2016,
,,,,,,,,,Corixidae,Corixidae,,,,,,Adult,Corixidae,Family,Arthropoda,Insecta,Hemiptera,Corixidae,,,,,,,,,,,,,2016,
,,,,,,,,,Corophiid Juvenile,Corophiid Juvenile,,,,,,Juvenile,Corophiidae,Family,Arthropoda,Malacostraca,Amphipoda,Corophiidae,,,,,,,,,,,,,2016,
,,Unidentified_Corophium,Unidentified Corophium,,Unidentified Corophium,,Unidentified_Corophium,,Corophiid UNID,Corophiid UNID,,,,,Corophiidae_UNID,Adult,Corophiidae,Family,Arthropoda,Malacostraca,Amphipoda,Corophiidae,,,,2014,,2013,,,,,2017,,2016,
,CRABZOEA,,,CRABZOEA,,CRABZOEA,,Crab zoea,Crab zoea,Crab zoea,,,,Crab_UNID_zoea,,Larva,Decapoda,Order,Arthropoda,Malacostraca,Decapoda,,,,,1976,,2005,,1995,,,2017,,2016,
,,Crangonyx_sp,Crangonyx sp,,Crangonyx sp_,,Crangonyx_sp,,Crangonyx,Crangonyx,,,,,Crangonyx_spp,Adult,Crangonyx,Genus,Arthropoda,Malacostraca,Amphipoda,Crangonycitidae,Crangonyx,,1995,2014,,2013,,,,,2017,,2016,
,,,,,,,,,Culicidae larvae,Culicidae larvae,,,,,,Larva,Culicidae,Family,Arthropoda,Insecta,Diptera,Culicidae,,,,,,,,,,,,,2016,
,,,,CUMAC,,CUMAC,,Cumaceans,Cumaceans,Cumaceans,Cumacea undifferentiated,,,,Cumacean_UNID,Undifferentiated,Cumacea,Order,Arthropoda,Malacostraca,Cumacea,,,,,,,2005,,1995,2006,,2018,,2016,
CYCJUV,CYCJUV,,,,,,,Cyclopoid copepodid,Cyclopoid copepodid,,Cyclopoida copepodid,,,Cyclopoid_UNID_copepodid,,Juvenile,Cyclopoida,Order,Arthropoda,Copepoda,Cyclopoida,,,,,1972,1994,,,1995,,,2017,,2016,
,OTHCYCAD,,,OTHCYCAD,,OTHCYCAD,,Other cyclopoid,Cyclopoid UNID,Cyclopoid UNID,Cyclopoida adult,,,,,Adult,Cyclopoida,Order,Arthropoda,Copepoda,Cyclopoida,,,,,1972,,2005,,1995,,,,,2016,
,,,,,,,,,Cyprinid spp.,Cyprinid spp.,,,,,,Juvenile,Cyprinidae,Family,Chordata,Actinopterygii,Cypriniformes,Cyprinidae,,,,,,,,,,,,,2016,
,DAPHNIA,,,DAPHNIA,,DAPHNIA,,Daphnia,Daphnia,Daphnia,,,,,,Adult,Daphnia,Genus,Arthropoda,Branchiopoda,Cladocera,Daphniidae,Daphnia,,1972,1972,,2005,,1995,,,,,2016,
,,,,,,,,,Decapod larvae unid,Decapod larvae unid,,,,,,Larva,Decapoda,Order,Arthropoda,Malacostraca,Decapoda,,,,,,,,,,,,,,2018,
,,,,,,,,,Diacyclops,,Diacyclops thomasi adult,,,,,Adult,Diacyclops thomasi,Species,Arthropoda,Copepoda,Cyclopoida,Cyclopodidae,Diacyclops,Diacyclops thomasi,,,,,,,,,,,2016,
,DIAPHAN,,,DIAPHAN,,DIAPHAN,,Diaphanosoma,Diaphanosoma,,,,,,,Adult,Diaphanosoma,Genus,Arthropoda,Branchiopoda,Cladocera,Sididae,Diaphanosoma,,,1972,,2005,,1995,,,,,2016,
,DIAPTOM,,,DIAPTOM,,DIAPTOM,,,Diaptomidae,,,,,,,Adult,Diaptomidae,Family,Arthropoda,Copepoda,Calanoida,Diaptomidae,,,,1972,,2005,,,,,,,2016,
,DIAPTJUV,,,DIAPTJUV,,DIAPTJUV,,,Diaptomidae copepodid,,,,,,,Juvenile,Diaptomidae,Family,Arthropoda,Copepoda,Calanoida,Diaptomidae,,,,2006,,2006,,,,,,,2016,
,,,,,,,,,Diptera adult,Diptera adult,,,,,,Adult,Diptera,Order,Arthropoda,Insecta,Diptera,,,,,,,,,,,,,,2016,
,,,,,,,,,Diptera larvae UNID,Diptera larvae UNID,,,,,,Larva,Diptera,Order,Arthropoda,Insecta,Diptera,,,,,,,,,,,,,,2016,
,,,,,,,,,Diptera pupae,Diptera pupae,,,,,,Pupa,Diptera,Order,Arthropoda,Insecta,Diptera,,,,,,,,,,,,,,2016,
,,,,,,,,,Dytiscidae adult,Dytiscidae adult,,,,,,Adult,Dytiscidae,Family,Arthropoda,Insecta,Coleoptera,Dytiscidae,,,,,,,,,,,,,2016,
,,,,,,,,,Elmidae larvae,Elmidae larvae,,,,,,Larva,Elmidae,Family,Arthropoda,Insecta,Coleoptera,Elmidae,,,,,,,,,,,,,2016,
,,,,,,,,,Eogammarus,Eogammarus,,,,,Eogammarus_spp,Adult,Eogammarus,Genus,Arthropoda,Malacostraca,Amphipoda,Anisogammaridae,Eogammarus,,,,,,,,,,2019,,2016,
,,,,,,,,,Ephemeroptera larvae UNID,Ephemeroptera larvae UNID,,,,,,Larva,Ephemeroptera,Order,Arthropoda,Insecta,Ephemeroptera,,,,,,,,,,,,,,2016,
,,,,,,,,,Euchlanis,,,,,,,Adult,Euchlanis,Genus,Rotifera,Eurotatoria,Ploima,Euchlanidae,Euchlanis,,,,,,,,,,,,2023,
,,,,,,,,,Eucyclops,,Eucyclops sp. adult,,,,,Adult,Eucyclops,Genus,Arthropoda,Copepoda,Cyclopoida,Cyclopidae,Eucyclops,,,,,,,,,,,,2016,
,EURYTEM,,,EURYTEM,,EURYTEM,,Eurytemora spp_,Eurytemora affinis,,Eurytemora affinis adult,,,Eurytemora_affinis_adult,,Adult,Eurytemora carolleeae,Species,Arthropoda,Copepoda,Calanoida,Temoridae,Eurytemora,Eurytemora carolleeae,,1972,,2005,,1995,,,2017,,2016,
,EURYJUV,,,EURYJUV,,EURYJUV,,Eurytemora copepodid,Eurytemora copepodid,,Eurytemora affinis copepodid,,,Eurytemora_affinis_copepodid,,Juvenile,Eurytemora carolleeae,Species,Arthropoda,Copepoda,Calanoida,Temoridae,Eurytemora,Eurytemora carolleeae,,1989,,2005,,1998,,,2017,,2016,
,,,,,,,,Eurytemora nauplii,Eurytemora nauplii,,,,,Eurytemora_spp_nauplii,,Larva,Eurytemora,Genus,Arthropoda,Copepoda,Calanoida,Temoridae,Eurytemora,,,,,,,2006,,,2017,,2016,
,,,,,,,,,Fish UNID,Fish UNID,,,,,,Juvenile,Chordata,Phylum,Chordata,,,,,,,,,,,,,,,,2018,
,,,,,,,,,Fluminicola,Fluminicola,,,,,,Adult,Fluminicola,Genus,Mollusca,Gastopoda,Littorinimorpha,Lythoglyphidae,Fluminicola,,,,,,,,,,,,2016,
,,,,,,,,,Gammarid juvenile,Gammarid juvenile,,,,,,Juvenile,Gammaridae,Family,Arthropoda,Malacostraca,Amphipoda,Gammaridae,,,,,,,,,,,,,2016,
,,Unidentified_Gammarus,Unidentified Gammarus,,Unidentified Gammarus,,Unidentified_Gammarus,Gammarus,Gammarus,Gammarus,,,,,,Adult,Gammarus,Genus,Arthropoda,Malacostraca,Amphipoda,Gammaridae,Gammarus,,1986,2014,,2013,,1995,,,,,2016,
,,,,,,,,,Gnorimosphaeroma,Gnorimosphaeroma,,,,,,Adult,Gnorimosphaeroma insulare,Species,Arthropoda,Malacostraca,Isopoda,Sphaeromatidae,Gnorimosphaeroma,Gnorimosphaeroma insulare,,,,,,,,,,,2016,
,,,,,,,,,Golden Shiner,Golden Shiner,,,,,,Juvenile,Notemigonus crysoleucas,Species,Chordata,Actinopterygii,,Cyprinidae,Notemigonus,Notemigonus crysoleucas,,,,,,,,,,,2016,
,,,,,,,,,Goldfish,,,,,,,Juvenile,Carassius auratus,Species,Chordata,Actinopterygii,Cypriniformes,Cyprinidae,Carassius,Carassius auratus,,,,,,,,,,,2016,
,,,,,,,,,Grandidierella,Grandidierella,,,,,,Adult,Grandidierella,Genus,Arthropoda,Malacostraca,Amphipoda,Aoridae,Grandidierella,,1966,,,,,,,,,,2016,
,,,,,,,,,Gyraulus,Gyraulus,,,,,,Adult,Gyraulus,Genus,Mollusca,Gastropoda,Hygrophila,Planorbidae,Gyraulus,,,,,,,,,,,,2016,
,,,,,,,,,Halicyclops,,,,,,,Adult,Halicyclops,Genus,Arthropoda,Copepoda,Cyclopoida,Cyclopidae,Halicyclops,,,,,,,,,,,,2016,
HARPACT,HARPACT,,,HARPACT,,HARPACT,,Harpacticoids,Harpacticoids,Harpacticoids,Harpacticoida undifferentiated,,,Harpacticoid_UNID,,Undifferentiated,Harpacticoida,Order,Arthropoda,Copepoda,Harpacticoida,,,,,1972,,2005,,1995,,,2017,,2016,
,,,,,,,,,Harris Mud Crab,,,,,,,Adult,Rhithropanopeus harrisii,Species,Arthropoda,Malacostraca,Decapoda,Panopeidae,Rhithropanopeus,Rhithropanopeus harrisii,,,,,,,,,,,2016,
,,,,,,,,,Hemiptera Other,Hemiptera Other,,,,,,Adult,Hemiptera,Order,Arthropoda,Insecta,Hemiptera,,,,,,,,,,,,,,2016,
,,,,,,,,,Holopedium,,,,,,,Adult,Holopedium,Genus,Arthropoda,Branchiopoda,Cladocera,Holopedidae,Holopedium,,,,,,,,,,,,2016,
,,,,,,,,,Homocyclops,,,,,,,Adult,Homocyclops,Genus,Arthropoda,Copepoda,Cyclopoida,Cyclopidae,Homocyclops,,,,,,,,,,,,2016,
,,Hyalella_sp,Hyalella sp,,Hyalella sp_,,Hyalella_sp,,Hyalella,Hyalella,,,,,Hyalella_spp,Adult,Hyalella,Genus,Arthropoda,Malacostraca,Amphipoda,Hyalellidae,Hyalella,,,2014,,2013,,,,,2017,,2016,
,,,,,,,,,Hydra,Hydra,,,,,,Adult,Hydra,Genus,Cnidaria,Hydrozoa,Hydrida,Hydridae,Hydra,,,,,,,,,,,,2016,
,,,,,,,,,Hydrobiidae,Hydrobiidae,,,,,,Adult,Hydrobiidae,Family,Mollusca,Gastropoda,Littorinimorpha,Hydrobiidae,,,,,,,,,,,,,2016,
,,,,,,,,,Hydrophilidae adult Beetle,Hydrophilidae adult Beetle,,,,,,Adult,Hydrophilidae,Family,Arthropoda,Insecta,Coleoptera,Hydrophilidae,,,,,,,,,,,,,2016,
,,,,,,,,,Hydrophilidae larvae Beetle,Hydrophilidae larvae Beetle,,,,,,Larva,Hydrophilidae,Family,Arthropoda,Insecta,Coleoptera,Hydrophilidae,,,,,,,,,,,,,2016,
,,,,,,,,,Hydroptilidae larvae Caddisfly,Hydroptilidae larvae Caddisfly,,,,,,Larva,Hydroptilidae,Family,Arthropoda,Insecta,Trichoptera,Hydroptilidae,,,,,,,,,,,,,2016,
,,,,,,,,,Hydrozoa,Hydrozoa,,,,,,Undifferentiated,Hydrozoa,Class,Cnidaria,Hydrozoa,,,,,,,,,,,,,,,2018,
,,,,,,,,,Hymenoptera adult UNID,Hymenoptera adult UNID,,,,,,Adult,Hymenoptera,Order,Arthropoda,Insecta,Hymenoptera,,,,,,,,,,,,,,2016,
,,,,,,,,,Hymenoptera larvae,Hymenoptera larvae,,,,,,Larva,Hymenoptera,Order,Arthropoda,Insecta,Hymenoptera,,,,,,,,,,,,,,2023,
,,,,,,,,,Hymenoptera pupae,Hymenoptera pupae,,,,,,Pupa,Hymenoptera,Order,Arthropoda,Insecta,Hymenoptera,,,,,,,,,,,,,,2023,
,,H_longirostris,,,Hyperacanthomysis longirostris,,Hyperacanthomysis_longirostris,,Hyperacanthomysis longirostris,Hyperacanthomysis longirostris,,,,,,Adult,Hyperacanthomysis longirostris,Species,Arthropoda,Malacostraca,Mysida,Mysidae,Hyperacanthomysis,Hyperacanthomysis longirostris,1993,1993,,2007,,,,,,,2016,
,,,,,,,,,Ilyocryptus,,Ilyocryptus sp. undifferentiated,,,Ilyocryptus_spp,,Adult,Ilyocryptus,Genus,Arthropoda,Branchiopoda,Cladocera,Ilyocryptidae,Ilyocryptus,,,,,,,,,,2017,,2016,
,,,,,,,,Other Insect larvae,Insect larvae UNID,Insect larvae UNID,Insecta larva,,,,,Larva,Insecta,Class,Arthropoda,Insecta,,,,,,,,,,1995,1999,,,,2016,
,,,,,,,,,Insect UNID,Insect UNID,,,,,,Undifferentiated,Insecta,Class,Arthropoda,Insecta,,,,,,,,,,,,,,,2018,
,,,,,,,,,Invertebrate UNID,Invertebrate UNID,Unidentified undifferentiated,,,,,Adult,UnID Invertebrate,,Unknown,,,,,,,,,,,,,,,,2016,
,,,,,,,,,Isopod UNID,Isopod UNID,,,,,,Adult,Isopoda,Order,Arthropoda,Malacostraca,Isopoda,,,,,,,,,,,,,,2016,
,,,,,,,,,Jellyfish UNID,Jellyfish UNID,,,,,,Undifferentiated,Cnidaria,Phylum,Cnidaria,,,,,,,,,,,,,,,,2016,
,,,,,,,,,Kellicottia,,,,,,,Adult,Kellicottia,Genus,Rotifera,Eurotatoria,Ploima,Brachionidae,Kellicottia,,,,,,,,,,,,2016,
KERATELA,KERATELA,,,KERATELA,,KERATELA,,Keratella,Keratella,,,,,Keratella_spp,,Adult,Keratella,Genus,Rotifera,Eurotatoria,Ploima,Brachionidae,Keratella,,,1972,,2005,,1995,,,2017,,2016,
,,,,,,,,,Killifish spp.,Killifish spp.,,,,,,Juvenile,Lucania,Genus,Chordata,Actinopterygii,,Fundulidae,Lucania,,,,,,,,,,,,2016,
,,,,,,,,,Latona,,,,,,,Adult,Latona,Genus,Arthropoda,Branchiopoda,Cladocera,Sididae,Latona,,,,,,,,,,,,2016,
,,,,,,,,,Lecane,,,,,,,Adult,Lecane,Genus,Rotifera,Eurotatoria,Ploima,Lecanidae,Lecane,,,,,,,,,,,,2018,
,,,,,,,,,Leech,Leech,,,,,,Undifferentiated,Hirudinea,Class,Annelida,Hirudinea,,,,,,,,,,,,,,,2016,
,,,,,,,,,Lepidoptera larvae,Lepidoptera larvae,,,,,,Larva,Lepidoptera,Order,Arthropoda,Insecta,Lepidoptera,,,,,,,,,,,,,,2016,
,,,,,,,,,Leptodora,,,,,Leptodora_spp,Leptodora_spp,Adult,Leptodora,Genus,Arthropoda,Branchiopoda,Cladocera,Leptodoridae,Leptodora,,,,,,,,,,2017,,2016,
LIMNOJUV,LIMNOJUV,,,LIMNOJUV,,LIMNOJUV,,Limnoithona juvenile,Limnoithona juvenile,,Limnoithona sp. copepodid,,,Limnoithona_spp_copepodid,,Juvenile,Limnoithona,Genus,Arthropoda,Copepoda,Cyclopoida,Cyclopettidae,Limnoithona,,1979,1995,,2005,,2006,,,2017,,2016,
LIMNOSINE,LIMNOSINE,,,LIMNOSINE,,LIMNOSINE,,Limnoithona sinensis,Limnoithona sinensis,,Limnoithona sinensis adult,,,Limnoithona_sinensis_adult,,Adult,Limnoithona sinensis,Species,Arthropoda,Copepoda,Cyclopoida,Cyclopettidae,Limnoithona,Limnoithona sinensis,1979,2007,,2007,,2006,,,2017,,2016,
LIMNOSPP,LIMNOSPP,,,LIMNOSPP,,LIMNOSPP,,Limnoithona spp_,Limnoithona spp.,,Limnoithona sp. adult,,,Limnoithona_spp_adult,,Adult,Limnoithona,Genus,Arthropoda,Copepoda,Cyclopoida,Cyclopettidae,Limnoithona,,1979,1979,,2005,,1995,,,2017,,2016,
LIMNOTET,LIMNOTET,,,LIMNOTET,,LIMNOTET,,Limnoithona tetraspina,Limnoithona tetraspina,,Limnoithona tetraspina adult,,,Limnoithona_tetraspina_adult,,Adult,Limnoithona tetraspina,Species,Arthropoda,Copepoda,Cyclopoida,Cyclopettidae,Limnoithona,Limnoithona tetraspina,1993,2007,,2007,,2006,,,2017,,2016,
,,,,,,,,,Limpet,Limpet,,,,,,Adult,Gastropoda,Class,Mollusca,Gastropoda,,,,,,,,,,,,,,,2018,
,,,,,,,,,Lymnaeidae,Lymnaeidae,,,,,,Adult,Lymnaeidae,Family,Mollusca,Gastropoda,Basommatophora,Lymnaeidae,,,,,,,,,,,,,2016,
,,,,,,,,,Macrocyclops,,Macrocyclops sp. adult,,,,,Adult,Macrocyclops,Genus,Arthropoda,Copepoda,Cyclopoida,Cyclopidae,Macrocyclops,,,,,,,,,,,,2016,
,,,,,,,,,Macrothricidae,,,,,,,Adult,Macrothricidae,Family,Arthropoda,Branchiopoda,Cladocera,Macrothricidae,,,,,,,,,,,,,2016,
,,,,,,,,,Maeotias,Maeotias,,,,,,Undifferentiated,Maeotias,Genus,Cnidaria,Hydrozoa,Limnomedusae,Olindiidae,Maeotias,,,,,,,,,,,,2016,
,,,,,,,,,Mesocyclops,,,,,,,Adult,Mesocyclops,Genus,Arthropoda,Copepoda,Cyclopoida,Cyclopidae,Mesocyclops,,,,,,,,,,,,2016,
,,,,,,,,,Microcyclops,,,,,,,Adult,Microcyclops,Genus,Arthropoda,Copepoda,Cyclopoida,Cyclopidae,Microcyclops,,,,,,,,,,,,2018,
,,,,,,,,,Mississippi Silverside,Mississippi Silverside,,,,,,Juvenile,Menidia audens,Species,Chordata,Actinopterygii,,Atherinidae,Menidia,Menidia audens,,,,,,,,,,,2016,
,,,,,,,,,Mite,Mite,,,,,,Adult,Hydrachnidia,Order,Arthropoda,Arachnida,Hydrachnidia,,,,,,,,,,,,,,2016,
,,,,,,,,,Moerisia spp,Moerisia spp,,,,,,Adult,Moerisia,Genus,Cnidaria,Hydrozoa,Anthoathecata,Moerisiidae,Moerisia,,,,,,,,,,,,2018,
,,,,,,,,,Moina,,,,,Moina_spp,,Adult,Moina,Genus,Arthropoda,Branchiopoda,Cladocera,Moinidae,Moina,,,,,,,,,,2019,,2016,
,,,,,,,,,Mosquitofish,Mosquitofish,,,,,,Juvenile,Gambusia affinis,Species,Chordata,Actinopterygii,,Poeciliidae,Gambusia,Gambusia affinis,,,,,,,,,,,2016,
,,,,,,,,,Munnidae,Munnidae,,,,,,Adult,Munnidae,Family,Arthropoda,Malacostraca,Isopoda,Munnidae,,,,,,,,,,,,,2016,
,,,,,,,,,Mussel UNID,Mussel UNID,,,,,,Undifferentiated,Bivalvia,Class,Mollusca,Bivalvia,,,,,,,,,,,,,,,2018,
,,,,,,,,,Mysid juvenile,Mysid juvenile,,,,,,Juvenile,Mysidae,Family,Arthropoda,Malacostraca,Mysida,Mysidae,,,,,,,,,,,,,2018,
,,Unidentified_mysid,Unidentified Mysid,,Unidentified Mysid,,Unidentified_Mysid,,Mysid UNID,Mysid UNID,,,,,Mysid_UNID,Adult,Mysida,Order,Arthropoda,Malacostraca,Mysida,,,,,2007,,2007,,,,,2017,,2016,
,,,,,,,,,Mytilina,,,,,,,Adult,Mytilina,Genus,Rotifera,Eurotatoria,Ploima,Mytillinidae,Mytilina,,,,,,,,,,,,2018,
,,,,,,,,,Nematode,Nematode,,,,,,Undifferentiated,Nematoda,Phylum,Nematoda,,,,,,,,,,,,,,,,2016,
,,N_kadiakensis,Neomysis kadiakensis,,Neomysis kadiakensis,,Neomysis_kadiakensis,,Neomysis kadiakensis,Neomysis kadiakensis,,,,,Neomysis_kadiakensis,Adult,Neomysis kadiakensis,Species,Arthropoda,Malacostraca,Mysida,Mysidae,Neomysis,Neomysis kadiakensis,,1980,,2007,,,,,2017,,2016,
,,N_mercedis,Neomysis mercedis,,Neomysis mercedis,,Neomysis_mercedis,,Neomysis mercedis,Neomysis mercedis,,,,,Neomysis_mercedis,Adult,Neomysis mercedis,Species,Arthropoda,Malacostraca,Mysida,Mysidae,Neomysis,Neomysis mercedis,,1972,,2007,,,,,2017,,2016,
,,,,,,,,,Northern Anchovy,Northern Anchovy,,,,,,Juvenile,Engraulis mordax,Species,Chordata,Actinopterygii,,Engraulidae,Engraulis,Engraulis mordax,,,,,,,,,,,2016,
,,,,,,,,,Notholca,,,,,Notholca_spp,,Adult,Notholca,Genus,Rotifera,Eurotatoria,Ploima,Brachionidae,Notholca,,,,,,,,,,2017,,,
,,,,,,,,,Odonata larvae UNID,Odonata larvae UNID,,,,,,Larva,Odonata,Order,Arthropoda,Insecta,Odonata,,,,,,,,,,,,,,2018,
OITHDAV,OITHDAV,,,OITHDAV,,OITHDAV,,Oithona davisae,Oithona davisae,,Oithona davisae adult,,,Oithona_davisae_adult,,Adult,Oithona davisae,Species,Arthropoda,Copepoda,Cyclopoida,Oithonidae,Oithona,Oithona davisae,1963,1980,,2005,,1995,,,2017,,2016,
OITHJUV,OITHJUV,,,OITHJUV,,OITHJUV,,Oithona juvenile,Oithona juvenile,,Oithona sp. copepodid,,,Oithona_spp_copepodid,,Juvenile,Oithona,Genus,Arthropoda,Copepoda,Cyclopoida,Oithonidae,Oithona,,1963,1995,,2005,,2006,,,2017,,2016,
OITHSIM,OITHSIM,,,OITHSIM,,OITHSIM,,Oithona similis,Oithona similis,,Oithona similis adult,,,Oithona_similis_adult,,Adult,Oithona similis,Species,Arthropoda,Copepoda,Cyclopoida,Oithonidae,Oithona,Oithona similis,,1980,,2005,,1995,,,2017,,2016,
OITHSPP,OITHSPP,,,OITHSPP,,OITHSPP,,Oithona spp_,Oithona spp.,,Oithona sp. adult,,,Oithona_spp_adult,,Adult,Oithona,Genus,Arthropoda,Copepoda,Cyclopoida,Oithonidae,Oithona,,1963,2007,,2005,,1995,,,2017,,2016,
,,,,,,,,,Oligochaete,Oligochaete,,,,,,Undifferentiated,Oligochaeta,Class,Annelida,Oligochaeta,,,,,,,,,,,,,,,2016,
,,,,,,,,,Oligochaete fragments,Oligochaete fragments,,,,,,Undifferentiated,Oligochaeta,Class,Annelida,Oligochaeta,,,,,,,,,,,,,,,2016,
,,,,,,,,Osphranticum,Osphranticum,,Osphranticum labronectum adult,,,Osphranticum_labronectum_adult,,Adult,Osphranticum labronectum,Species,Arthropoda,Copepoda,Calanoida,Centropagidae,Osphranticum,Osphranticum labronectum,,,,,,1995,,,2018,,2016,
,,,,OSTRACOD,,OSTRACOD,,Ostracods,Ostracods,Ostracods,Ostracoda undifferentiated,,,Ostracoda_UNID,,Adult,Ostracoda,Class,Arthropoda,Ostracoda,,,,,,,,2005,,1995,,,2017,,2016,
,,,,,,,,,Paracyclops,,Paracyclops sp. adult,,,,,Adult,Paracyclops,Genus,Arthropoda,Copepoda,Cyclopoida,Cyclopidae,Paracyclops,,,,,,,,,,,,2016,
,,,,,,,,,Physa,Physa,,,,,,Adult,Physa,Genus,Mollusca,Gastropoda,Hygrophila,Physidae,Physa,,,,,,,,,,,,2016,
,,,,,,,,,Planaria,Planaria,,,,,,Undifferentiated,Girardia tigrina,Species,Platyhelminthes,Rhabditophora,Tricladida,Dugesiidae,Girardia,Girardia tigrina,,,,,,,,,,,2016,
,,,,,,,,,Planorbella,Planorbella,,,,,,Adult,Planorbella,Genus,Mollusca,Gastropoda,Hygrophila,Planorbidae,Planorbella,,,,,,,,,,,,2016,
,,,,,,,,,Plationus,,,,,,,Adult,Plationus,Genus,Rotifera,Eurotatoria,Ploima,Brachionidae,Plationus,,,,,,,,,,,,2023,
,,,,,,,,,Platyias,,,,,Platyias_spp,,Adult,Platyias,Genus,Rotifera,Eurotatoria,Ploima,Brachionidae,Platyias,,,,,,,,,,2019,,2016,
POLYARTH,POLYARTH,,,POLYARTH,,POLYARTH,,Polyarthra,Polyarthra,,,,,Polyarthra_spp,,Adult,Polyarthra,Genus,Rotifera,Eurotatoria,Ploima,Synchaetidae,Polyarthra,,,1972,,2005,,1995,,,2017,,2016,
,,,,,,,,,Polychaete,Polychaete,,,,,,Undifferentiated,Polychaeta,Class,Annelida,Polychaeta,,,,,,,,,,,,,,,2016,
,,,,,,,,,Polychaete fragments,Polychaete fragments,,,,,,Undifferentiated,Polychaeta,Class,Annelida,Polychaeta,,,,,,,,,,,,,,,2023,
,,,,,,,,,Polyorchis,,,,,,,Adult,Polyorchis,Genus,Cnidaria,Hydrozoa,Anthoathecata,Corynidae,Polyorchis,,,,,,,,,,,,2018,
,,,,,,,,,Potamocorbula,Potamocorbula,,,,,,Adult,Potamocorbula amurensis,Species,Mollusca,Bivalvia,Myoida,Corbulidae,Potamocorbula,Potamocorbula amurensis,,,,,,,,,,,2016,
,,,,,,,,,Prickly Sculpin,Prickly Sculpin,,,,,,Juvenile,Cottus asper,Species,Chordata,Actinopterygii,,Cottidae,Cottus,Cottus asper,,,,,,,,,,,2016,
,,,,,,,,,Proales,,,,,,,Adult,Proales,Genus,Rotifera,Eurotatoria,Ploima,Status,Proales,,,,,,,,,,,,2023,
,PDIAPJUV,,,PDIAPJUV,,PDIAPJUV,,Pseudodiaptomus copepodid,Pseudodiaptomus copepodid,,,,,Pseudodiaptomus_spp_copepodid,,Juvenile,Pseudodiaptomus,Genus,Arthropoda,Copepoda,Calanoida,Pseudodiaptomidae,Pseudodiaptomus,,1986,1990,,2005,,1998,,,2017,,2016,
,PDIAPFOR,,,PDIAPFOR,,PDIAPFOR,,Pseudodiaptomus forbesii,Pseudodiaptomus forbesi,,Pseudodiaptomus forbesi adult,,,Pseudodiaptomus_forbesi_adult,,Adult,Pseudodiaptomus forbesi,Species,Arthropoda,Copepoda,Calanoida,Pseudodiaptomidae,Pseudodiaptomus,Pseudodiaptomus forbesi,1987,1988,,2005,,2006,,,2017,,2016,
,PDIAPMAR,,,PDIAPMAR,,PDIAPMAR,,Pseudodiaptomus marinus,Pseudodiaptomus marinus,,,,,Pseudodiaptomus_marinus_adult,,Adult,Pseudodiaptomus marinus,Species,Arthropoda,Copepoda,Calanoida,Pseudodiaptomidae,Pseudodiaptomus,Pseudodiaptomus marinus,1986,1988,,2005,,2006,,,2017,,2016,
PDIAPNAUP,PDIAPNAUP,,,PDIAPNAUP,,PDIAPNAUP,,Pseudodiaptomus nauplii,Pseudodiaptomus nauplii,,,,,Pseudodiaptomus_spp_nauplii,,Larva,Pseudodiaptomus,Genus,Arthropoda,Copepoda,Calanoida,Pseudodiaptomidae,Pseudodiaptomus,,1986,2000,,2005,,2006,,,2017,,2016,
,,,,,,,,,Psyllidae,Psyllidae,,,,,,Adult,Psyllidae,Family,Arthropoda,Insecta,Hemiptera,Psyllidae,,,,,,,,,,,,,2016,
,,,,,,,,,Rainwater Killifish,Rainwater Killifish,,,,,,Juvenile,Lucania parva,Species,Chordata,Actinopterygii,,Fundulidae,Lucania,Lucania parva,,,,,,,,,,,2016,
OTHROT,OTHROT,,,OTHROT,,OTHROT,,Other rotifer,Rotifer UNID,,,,,,,Adult,Rotifera,Phylum,Rotifera,,,,,,,1972,,2005,,1995,,,,,2016,
,,,,,,,,,Sacramento Blackfish,Sacramento Blackfish,,,,,,Juvenile,Orthodon microlepidotus,Species,Chordata,Actinopterygii,,Cyprinidae,Orthodon,Orthodon microlepidotus,,,,,,,,,,,2016,
,,,,,,,,,Scapholeberis,,,,,,,Adult,Scapholeberis,Genus,Arthropoda,Branchiopoda,Cladocera,Daphniidae,Scapholeberis,,,,,,,,,,,,2016,
,,,,,,,,,Shrimp UNID,Shrimp UNID,,,,,Shrimp_UNID,Adult,Decapoda,Order,Arthropoda,Malacostraca,Decapoda,,,,,,,,,,,,2017,,2016,
,,,,,,,,,Sida,,Sida sp. undifferentiated,,,Sididae_UNID,,Adult,Sida,Genus,Arthropoda,Branchiopoda,Cladocera,Sididae,Sida,,,,,,,,,,2017,,2016,
,,,,,,,,,Silverside larvae UNID,Silverside larvae UNID,,,,,,Larva,Atherinidae,Family,Chordata,Actinopterygii,,Atherinidae,,,,,,,,,,,,,2016,
,,,,,,,,,Simocephalus,,,,,,,Adult,Simocephalus,Genus,Arthropoda,Branchiopoda,Cladocera,Daphniidae,Simocephalus,,,,,,,,,,,,2016,
,SINOCAL,,,SINOCAL,,SINOCAL,,Sinocalanus,Sinocalanus,,Sinocalanus doerrii adult,,,Sinocalanus_doerrii_adult,,Adult,Sinocalanus doerrii,Species,Arthropoda,Copepoda,Calanoida,Centropagidae,Sinocalanus,Sinocalanus doerrii,1978,1978,,2005,,1995,,,2017,,2016,
,SINOCALJUV,,,SINOCALJUV,,SINOCALJUV,,Sinocalanus copepodid,Sinocalanus copepodid,,,,,,,Juvenile,Sinocalanus,Genus,Arthropoda,Copepoda,Calanoida,Centropagidae,Sinocalanus,,1978,1989,,2005,,2006,,,,,2016,
SINONAUP,SINONAUP,,,SINONAUP,,SINONAUP,,,Sinocalanus nauplii,,,,,Sinocalanus_doerrii_nauplii,,Larva,Sinocalanus doerrii,Species,Arthropoda,Copepoda,Calanoida,Centropagidae,Sinocalanus,Sinocalanus doerrii,1978,1989,,2005,,,,,2017,,2016,
,,,,,,,,,Snail UNID,Snail UNID,,,,,,Adult,Gastropoda,Class,Mollusca,Gastropoda,,,,,,,,,,,,,,,2016,
,,,,,,,,,Spider,Spider,,,,,,Adult,Araneae,Order,Arthropoda,Arachnida,Araneae,,,,,,,,,,,,,,2016,
,,,,,,,,,Splittail,Splittail,,,,,,Juvenile,Pogonichthys macrolepidotus,Species,Chordata,Actinopterygii,,Cyprinidae,Pogonichthys,Pogonichthys macrolepidotus,,,,,,,,,,,2016,
,,,,,,,,,Staphylinidae adult,Staphylinidae adult,,,,,,Adult,Staphylinidae,Family,Arthropoda,Insecta,Coleoptera,Staphylinidae,,,,,,,,,,,,,2016,
,,,,,,,,,Striped Bass,Striped Bass,,,,,,Juvenile,Morone saxatilis,Species,Chordata,Actinopterygii,,Percichthyidae,Morone,Morone saxatilis,,,,,,,,,,,2016,
,,,,,,,,,Stylaria,Stylaria,,,,,,Undifferentiated,Stylaria,Genus,Annelida,Oligochaeta,Haplotaxida,Naididae,Stylaria,,,,,,,,,,,,2016,
SYNCH,SYNCH,,,SYNCH,,SYNCH,,Synchaeta,Synchaeta,,,,,Synchaeta_spp,,Adult,Synchaeta,Genus,Rotifera,Eurotatoria,Ploima,Synchaetidae,Synchaeta,,,1972,,2005,,1995,,,2017,,2016,
,,,,,,,,,Talitridae,Talitridae,,,,,,Adult,Talitridae,Family,Arthropoda,Malacostraca,Amphipoda,Talitridae,,,1962,,,,,,,,,,2016,
,,,,,,,,,Tanaid,Tanaid,,,,,Tanaidacea_UNID,Undifferentiated,Tanaidacea,Order,Arthropoda,Malacostraca,Tanaidacea,,,,,,,,,,,,2018,2019,2016,
,,,,,,,,,Tardigrade,,,,,,,Adult,Tardigrada,Phylum,Tardigrada,,,,,,,,,,,,,,,,2016,
,,,,,,,,,Testudinella,,,,,,,Adult,Testudinella,Genus,Rotifera,Eurotatoria,Flosculariaceae,Testudinellidae,Testudinella,,,,,,,,,,,,2023,
,,,,,,,,,Threadfin Shad,Threadfin Shad,,,,,,Juvenile,Dorosoma petenense,Species,Chordata,Actinopterygii,,Clupeidae,Dorosoma,Dorosoma petenense,,,,,,,,,,,2016,
,,,,,,,,,Threespine Stickleback,Threespine Stickleback,,,,,,Juvenile,Gasterosteus aculeatus,Species,Chordata,Actinopterygii,,Gasterosteidae,Gasterosteus,Gasterosteus aculeatus,,,,,,,,,,,2016,
,,,,,,,,,Thrips,Thrips,,,,,,Adult,Thysanoptera,Order,Arthropoda,Insecta,Thysanoptera,,,,,,,,,,,,,,2016,
,,,,,,,,,Topsmelt,Topsmelt,,,,,,Juvenile,Atherinopsis affinis,Species,Chordata,Actinopterygii,,Atherinopsidae,Atherinopsidae,Atherinopsis affinis,,,,,,,,,,,2016,
,TORTANUS,,,TORTANUS,,TORTANUS,,Tortanus,Tortanus,,Tortanus sp. adult,,,,,Adult,Tortanus,Genus,Arthropoda,Copepoda,Calanoida,Tortanidae,Tortanus,,1993,1994,,2005,,1995,,,,,2016,
,TORTJUV,,,TORTJUV,,TORTJUV,,Tortanus copepodid,Tortanus copepodid,,,,,Tortanus_spp_copepodid,,Juvenile,Tortanus,Genus,Arthropoda,Copepoda,Calanoida,Tortanidae,Tortanus,,1993,2006,,2006,,2006,,,2017,,2016,
,,,,,,,,Tortanus dextrilobatus,Tortanus dextrilobatus,,,,,Tortanus_dextrilobatus_adult,,Adult,Tortanus dextrilobatus,Species,Arthropoda,Copepoda,Calanoida,Tortanidae,Tortanus,Tortanus dextrilobatus,1993,,,,,2006,2010,,2017,,2016,
,,,,,,,,Tortanus discaudatus,Tortanus discaudatus,,,,,Tortanus discaudatus,,Adult,Tortanus discaudatus,Species,Arthropoda,Copepoda,Calanoida,Tortanidae,Tortanus,Tortanus discaudatus,,,,,,1995,,,2017,,2016,
TRICHO,TRICHO,,,TRICHO,,TRICHO,,Trichocerca,Trichocerca,,,,,Trichocerca_spp,,Adult,Trichocerca,Genus,Rotifera,Eurotatoria,Ploima,Trichocercidae,Trichocerca,,,1972,,2005,,1995,,,2017,,2016,
,,,,,,,,,Trichoptera adult,Trichoptera adult,,,,,,Adult,Trichoptera,Order,Arthropoda,Insecta,Trichoptera,,,,,,,,,,,,,,2016,
,,,,,,,,,Trichoptera larvae UNID,Trichoptera larvae UNID,,,,,,Larva,Trichoptera,Order,Arthropoda,Insecta,Trichoptera,,,,,,,,,,,,,,2016,
,,,,,,,,,Trichoptera pupae UNID,Trichoptera larvae UNID,,,,,,Pupa,Trichoptera,Order,Arthropoda,Insecta,Trichoptera,,,,,,,,,,,,,,2023,
,,,,,,,,,Trichotria,Trichotria,,,,,,Adult,Trichotria,Genus,Arthropoda,Insecta,Trichoptera,Trichotriidae,Trichotria,,,,,,,,,,,,2018,
,,,,,,,,,Tridentiger,Tridentiger,,,,,,Juvenile,Tridentiger,Genus,Chordata,Actinopterygii,,Gobiidae,Tridentiger,,,,,,,,,,,,2016,
,,,,,,,,,Veliidae,Veliidae,,,,,,Adult,Veliidae,Family,Arthropoda,Insecta,Hemiptera,Veliidae,,,,,,,,,,,,,2016,
,,,,,,,,,Wakasagi,Wakasagi,,,,,,Juvenile,Hypomesus nipponensis,Species,Chordata,Actinopterygii,,Osmeridae,Hypomesus,Hypomesus nipponensis,,,,,,,,,,,2016,
,,,,,,,,,Wolga,,,,,,,Adult,Wolga,Genus,Rotifera,Eurotatoria,Ploima,Trichotriidae,Wolga,,,,,,,,,,,,2023,
,,,,,,,,,Worm UNID,Worm UNID,,,,,,Adult,Annelida,Phylum,Annelida,,,,,,,,,,,,,,,,2016,
,,,,,,,,,,,Americophium sp. undifferentiated,,,,Americorophium_spp,Adult,Americorophium,Genus,Arthropoda,Malacostraca,Amphipoda,Corophiidae,Americorophium,,,,,,,,,,2017,,,
,,A_abdita,Ampelisca abdita,,Ampelisca abdita,,Ampelisca_abdita,,,,,,,,Ampelisca_abdita,Adult,Ampelisca abdita,Species,Arthropoda,Malacostraca,Amphipoda,Ampeliscidae,Ampelisca,Ampelisca abdita,1954,2014,,2013,,,,,2017,,,
,,Ampithoe_sp,Ampithoe sp,,,,,,,Ampithoe,,,,,Ampithoe_spp,Adult,Ampithoe,Genus,Arthropoda,Malacostraca,Amphipoda,Ampithoidae,Ampithoe,,1941,2014,,,,,,,2017,,2016,
,,,,,,,,,,,,,,,Ampithoe_valida,Adult,Ampithoe valida,Species,Arthropoda,Malacostraca,Amphipoda,Ampithoidae,Ampithoe,Ampithoe valida,,,,,,,,,2017,,,
,,Caprelidae_sp,Caprelidae sp,,,,,,,,,,,,,Adult,Caprellidae,Family,Arthropoda,Malacostraca,Amphipoda,Caprellidae,,,,2014,,,,,,,,,,
,,,,,,,,,,,Corophium sp. undifferentiated,,,,,Undifferentiated,Corophiidae,Family,Arthropoda,Malacostraca,Amphipoda,Corophiidae,,,,,,,,,,,,,,
,,,,,,,,,,,,,,,Dexaminidae_UNID,Adult,Dexaminidae,Family,Arthropoda,Malacostraca,Amphipoda,Dexaminidae,,,,,,,,,,,2017,,,
,,,,,,,,,,Gammaroidea,,,,,,Adult,Gammaroidea,Family,Arthropoda,Malacostraca,Amphipoda,Gammaroidea,,,,,,,,,,,,,2018,
,,,,,,,,,,,Gammarus sp. undifferentiated,,,,,Undifferentiated,Gammarus,Genus,Arthropoda,Malacostraca,Amphipoda,Gammaridae,Gammarus,,,,,,,,,,,,,
,,G_daiberi,Gammarus daiberi,,Gammarus daiberi,,Gammarus_daiberi,,,,,,,,Gammarus_daiberi,Adult,Gammarus daiberi,Species,Arthropoda,Malacostraca,Amphipoda,Gammaridae,Gammarus,Gammarus daiberi,1983,2014,,2013,,,,,2017,,,
,,G_japonica,Grandidierella japonica,,,,Grandidierella_japonica,,,,,,,,Grandidierella_japonica,Adult,Grandidierella japonica,Species,Arthropoda,Malacostraca,Amphipoda,Aoridae,Grandidierella,Grandidierella japonica,,2017,,2019,,,,,2017,,,
,,,,,,,,,,,,,,,Grandifoxus_grandis,Adult,Grandifoxus grandis,Species,Arthropoda,Malacostraca,Amphipoda,Phoxocephalidae,Grandifoxus,Grandifoxus grandis,,,,,,,,,2017,,,
,,,,,,,,,,Incisocalliope derzhavini,,,,,Incisocalliope_derzhavini,Adult,Incisocalliope derzhavini,Species,Arthropoda,Malacostraca,Amphipoda,Pleustidae,Incisocalliope,Incisocalliope derzhavini,,,,,,,,,2017,,2018,
,,,,,,,,,,Lysianassidae,,,,,,Adult,Lysianassidae,Family,Arthropoda,Malacostraca,Amphipoda,Lysianassidae,,,,,,,,,,,,,2018,
,,,,,,,,,,Melita,,,,,,Adult,Melita,Genus,Arthropoda,Malacostraca,Amphipoda,Hadzioidea,Melita,,1938,,,,,,,,,,2016,
,,Monocorophium_sp,Monocorophium sp,,,,,,,,,,,,,Adult,Monocorophium,Genus,Arthropoda,Malacostraca,Amphipoda,Corophiidae,Monocorophium,,,2014,,,,,,,,,,
,,,,,,,,,,,,,,,Monocorophium_acherusicum,Adult,Monocorophium acherusicum,Species,Arthropoda,Malacostraca,Amphipoda,Corophiidae,Monocorophium,Monocorophium acherusicum,,,,,,,,,2017,,,
,,,,,,,,,,,,,,,Monocorophium_insidiosum,Adult,Monocorophium insidiosum,Species,Arthropoda,Malacostraca,Amphipoda,Corophiidae,Monocorophium,Monocorophium insidiosum,,,,,,,,,2017,,,
,,Oedicerotidae_sp,Oedicerotidae sp,,,,,,,,,,,,Oedicerotidae_UNID,Adult,Oedicerotidae,Family,Arthropoda,Malacostraca,Amphipoda,Oedicerotidae,,,,2014,,,,,,,2017,,,
,,Pleustidae,Pleustidae,,,,,,,,,,,,Pleustidae_UNID,Adult,Pleustidae,Family,Arthropoda,Malacostraca,Amphipoda,Pleustidae,,,,2014,,,,,,,2017,,,
,,C_alienense,,,Corophium alienense,,Corophium_alienense,,,Corophium alienense,,,,,Sinocorophium_alienense,Adult,Sinocorophium alienense,Species,Arthropoda,Malacostraca,Amphipoda,Corophiidae,Sinocorophium,Sinocorophium alienense,1973,2014,,2013,,,,,2017,,2016,
,,,,,,,,,,,,,,,Sinocorophium_heteroceratum,Adult,Sinocorophium heteroceratum,Species,Arthropoda,Malacostraca,Amphipoda,Corophiidae,Sinocorophium,Sinocorophium heteroceratum,,,,,,,,,2018,,,
,,,,,,,,,,Tadpole,,,,,,Larva,Anura,Order,Chordata,Amphibia,Anura,,,,,,,,,,,,,,2016,
,,,,,,,,,,Melanoides tuberculata,,,,,,Adult,Melanoides tuberculata,Species,Mollusca,Gastropoda,Caenogastropoda,Thiaridae,Melanoides,Melanoides tuberculata,,,,,,,,,,,2016,
,,,,,,,,Acartiella copepodid,,,Acartiella sp. copepodid,,,,,Juvenile,Acartiella,Genus,Arthropoda,Copepoda,Calanoida,Acartiidae,Acartiella,,1993,,,,,2006,,,,,,
,,,,,,,,,,,Arctodiaptomus dorsalis adult,,,,,Adult,Arctodiaptomus dorsalis,Species,Arthropoda,Copepoda,Calanoida,Diaptomidae,Arctodiaptomus,Arctodiaptomus dorsalis,,,,,,,,,,,,
,OTHCALAD,,,OTHCALAD,,OTHCALAD,,Other calanoid,,,,,,,,Adult,Calanoida,Order,Arthropoda,Copepoda,Calanoida,,,,,1972,,2005,,1995,,,,,,
,OTHCALJUV,,,OTHCALJUV,,OTHCALJUV,,,,,Calanoida copepodid,,,Calanoid_UNID_copepodid,,Juvenile,Calanoida,Order,Arthropoda,Copepoda,Calanoida,,,,,1989,,2005,,,,,2017,,,
,,,,,,,,Diaptomus spp_,,,Diaptomus sp. adult,,,Diaptomidae_UNID_adult,,Adult,Diaptomus,Genus,Arthropoda,Copepoda,Calanoida,Diaptomidae,Diaptomus,,,,,,,1995,,,2017,,,
,,,,,,,,Diaptomus copepodid,,,Diaptomus sp. copepodid,,,Diaptomidae_UNID_copepodid,,Juvenile,Diaptomus,Genus,Arthropoda,Copepoda,Calanoida,Diaptomidae,Diaptomus,,,,,,,2006,,,2017,,,
,,,,,,,,,,,Diaptomus dorsalis adult,,,,,Adult,Diaptomus dorsalis,Species,Arthropoda,Copepoda,Calanoida,Diaptomidae,Diaptomus,Diaptomus dorsalis,,,,,,,,,,,,
,,,,,,,,,,,Diaptomus siciloides adult,,,,,Adult,Diaptomus siciloides,Species,Arthropoda,Copepoda,Calanoida,Diaptomidae,Diaptomus,Diaptomus siciloides,,,,,,,,,,,,
,,,,,,,,,,,Eurytemora sp. adult,,,,,Adult,Eurytemora,Genus,Arthropoda,Copepoda,Calanoida,Temoridae,Eurytemora,,,,,,,,,,,,,
EURYNAUP,EURYNAUP,,,EURYNAUP,,EURYNAUP,,,,,,,,,,Larva,Eurytemora carolleeae,Species,Arthropoda,Copepoda,Calanoida,Temoridae,Eurytemora,Eurytemora carolleeae,,1989,,2005,,,,,,,,
,,,,,,,,,,,,Eurytemora affinis,Eurytemora affinis,,,Undifferentiated,Eurytemora carolleeae,Species,Arthropoda,Copepoda,Calanoida,Temoridae,Eurytemora,Eurytemora carolleeae,,,,,,,,,,,,
,,,,,,,,,,,Hesperodiaptomus sp. adult,,,,,Adult,Hesperodiaptomus,Genus,Arthropoda,Copepoda,Calanoida,Diaptomidae,Hesperodiaptomus,,,,,,,,,,,,,
,,,,,,,,,,,Hesperodiaptomus cf. californiensis adult,,,,,Adult,Hesperodiaptomus californiensis,Species,Arthropoda,Copepoda,Calanoida,Diaptomidae,Hesperodiaptomus,Hesperodiaptomus californiensis,,,,,,,,,,,,
,,,,,,,,,,,Hesperodiaptomus franciscanus adult,,,,,Adult,Hesperodiaptomus franciscanus,Species,Arthropoda,Copepoda,Calanoida,Diaptomidae,Hesperodiaptomus,Hesperodiaptomus franciscanus,,,,,,,,,,,,
,,,,,,,,,,,,,,Labidocera_spp_adult,,Adult,Labidocera,Genus,Arthropoda,Copepoda,Calanoida,Pontellidae,Labidocera,,,,,,,,,,2017,,,
,,,,,,,,,,,,,,Labidocera_spp_copepodid,,Juvenile,Labidocera,Genus,Arthropoda,Copepoda,Calanoida,Pontellidae,Labidocera,,,,,,,,,,2017,,,
,,,,,,,,,,,Leptodiaptomus siciloides adult,,,,,Adult,Leptodiaptomus siciloides,Species,Arthropoda,Copepoda,Calanoida,Diaptomidae,Leptodiaptomus,Leptodiaptomus siciloides,,,,,,,,,,,,
,,,,,,,,,,,Osphranticum sp. copepodid,,,Osphranticum_labronectum_copepodid,,Juvenile,Osphranticum,Genus,Arthropoda,Copepoda,Calanoida,Centropagidae,Osphranticum,,,,,,,,,,2018,,2016,
,,,,,,,,,,,,,,Paracalanus_parvus_adult,,Adult,Paracalanus parvus,Species,Arthropoda,Copepoda,Calanoida,Paracalanidae,Paracalanus,Paracalanus parvus,,,,,,,,,2020,,,
,,,,,,,,,,,,,,Paracalanus_parvus_copepodid,,Juvenile,Paracalanus parvus,Species,Arthropoda,Copepoda,Calanoida,Paracalanidae,Paracalanus,Paracalanus parvus,,,,,,,,,2020,,,
,,,,,,,,Pseudodiaptomus spp_,,,Pseudodiaptomus sp. adult,,,Pseudodiaptomus_spp_adult,,Adult,Pseudodiaptomus,Genus,Arthropoda,Copepoda,Calanoida,Pseudodiaptomidae,Pseudodiaptomus,,1986,,,,,1995,,,2017,2019,,
,,,,,,,,Pseudodiaptomus euryhalinus,,,,,,Pseudodiaptomus_euryhalinus_adult,,Adult,Pseudodiaptomus euryhalinus,Species,Arthropoda,Copepoda,Calanoida,Pseudodiaptomidae,Pseudodiaptomus,Pseudodiaptomus euryhalinus,,,,,,2006,,,2020,,,
,,,,,,,,,,,,,,Pseudodiaptomus_euryhalinus_copepodid,,Juvenile,Pseudodiaptomus euryhalinus,Species,Arthropoda,Copepoda,Calanoida,Pseudodiaptomidae,Pseudodiaptomus,Pseudodiaptomus euryhalinus,,,,,,,,,2017,,,
,,,,,,,,,,,Pseudodiaptomus forbesi copepodid,,,Pseudodiaptomus_forbesi_copepodid,,Juvenile,Pseudodiaptomus forbesi,Species,Arthropoda,Copepoda,Calanoida,Pseudodiaptomidae,Pseudodiaptomus,Pseudodiaptomus forbesi,1987,,,,,,,,2017,,,
,,,,,,,,,,,,Pseudodiaptomus forbesi,Pseudodiaptomus forbesi,,,Undifferentiated,Pseudodiaptomus forbesi,Species,Arthropoda,Copepoda,Calanoida,Pseudodiaptomidae,Pseudodiaptomus,Pseudodiaptomus forbesi,1987,,,,,,,,,,,
,,,,,,,,,,,,,,Pseudodiaptomus_marinus_copepodid,,Juvenile,Pseudodiaptomus marinus,Species,Arthropoda,Copepoda,Calanoida,Pseudodiaptomidae,Pseudodiaptomus,Pseudodiaptomus marinus,1986,,,,,,,,2017,,,
,,,,,,,,Sinocalanus nauplii,,,,,,,,Larva,Sinocalanus,Genus,Arthropoda,Copepoda,Calanoida,Centropagidae,Sinocalanus,,1978,,,,,2006,,,,,,
,,,,,,,,,,,Sinocalanus doerrii copepodid,,,Sinocalanus_doerrii_copepodid,,Juvenile,Sinocalanus doerrii,Species,Arthropoda,Copepoda,Calanoida,Centropagidae,Sinocalanus,Sinocalanus doerrii,1978,,,,,,,,2017,,,
,,,,,,,,,,,Sinoclanus doerii adult,,,,,Adult,Sinocalanus doerrii,Species,Arthropoda,Copepoda,Calanoida,Centropagidae,Sinocalanus,Sinocalanus doerrii,1978,,,,,,,,,,,
,,,,,,,,,,,,Sinocalanus doerrii,Sinocalanus doerrii,,,Undifferentiated,Sinocalanus doerrii,Species,Arthropoda,Copepoda,Calanoida,Centropagidae,Sinocalanus,Sinocalanus doerrii,1978,,,,,,,,,,,
,,,,,,,,,,,Skistodiaptomus sp. adult,,,,,Adult,Skistodiaptomus,Genus,Arthropoda,Copepoda,Calanoida,Diaptomidae,Skistodiaptomus,,,,,,,,,,,,,
,,,,,,,,,,,Skistodiaptomus pallidus adult,,,,,Adult,Skistodiaptomus pallidus,Species,Arthropoda,Copepoda,Calanoida,Diaptomidae,Skistodiaptomus,Skistodiaptomus pallidus,,,,,,,,,,,,
,,,,,,,,,,,Tortanus sp. copepodid,,,,,Juvenile,Tortanus,Genus,Arthropoda,Copepoda,Calanoida,Tortanidae,Tortanus,,,,,,,,,,,,,
,,,,,,,,,,,Alona sp. undifferentiated,,,Alona_spp,,Adult,Alona,Genus,Arthropoda,Branchiopoda,Cladocera,Chydoridae,Alona,,,,,,,,,,2017,,,
,,,,,,,,,,,Alonella sp. undifferentiated,,,,,Adult,Alonella,Genus,Arthropoda,Branchiopoda,Cladocera,Chydoridae,Alonella,,,,,,,,,,,,,
,,,,,,,,,,,Ceriodaphnia sp. undifferentiated,,,,,Adult,Ceriodaphnia,Genus,Arthropoda,Branchiopoda,Cladocera,Daphniidae,Ceriodaphnia,,,,,,,,,,,,,
,,,,,,,,,,,Chydorus sp. undifferentiated,,,Chydorus_spp,,Adult,Chydorus,Genus,Arthropoda,Branchiopoda,Cladocera,Chydoridae,Chydorus,,,,,,,,,,2017,,,
,OTHCLADO,,,OTHCLADO,,OTHCLADO,,Other cladocera,,,,,,,,Adult,Cladocera,Order,Arthropoda,Branchiopoda,Cladocera,,,,,1972,,2005,,1995,,,,,,
,,,,,,,,,,,Cladocera undifferentiated,Cladocera,Cladocera,Cladocera_UNID,,Adult,Cladocera,Order,Arthropoda,Branchiopoda,Cladocera,,,,,,,,,,,,2017,,,
,,,,,,,,,,,Cladocera nauplius,,,,,Larva,Cladocera,Order,Arthropoda,Branchiopoda,Cladocera,,,,,,,,,,,,,,,
,,,,,,,,,,,Daphnia sp. undifferentiated,,,Daphnia_spp,,Adult,Daphnia,Genus,Arthropoda,Branchiopoda,Cladocera,Daphniidae,Daphnia,,,,,,,,,,2017,,,
,,,,,,,,,,,Daphnia sp. juvenile,,,,,Juvenile,Daphnia,Genus,Arthropoda,Branchiopoda,Cladocera,Daphniidae,Daphnia,,,,,,,,,,,,,
,,,,,,,,,,,,,,Daphniidae_UNID,,Adult,Daphniidae,Family,Arthropoda,Branchiopoda,Cladocera,Daphniidae,,,,,,,,,,,2017,,,
,,,,,,,,,,,Diaphanosoma sp. undifferentiated,,,,,Undifferentiated,Diaphanosoma,Genus,Arthropoda,Branchiopoda,Cladocera,Sididae,Diaphanosoma,,,,,,,,,,,,,
,,,,,,,,,,,Disparalona sp. undifferentiated,,,,,Adult,Disparalona,Genus,Arthropoda,Branchiopoda,Cladocera,Chydoridae,Disparalona,,,,,,,,,,,,,
,,,,,,,,,,,Eurycercus sp. undifferentiated,,,,,Adult,Eurycercus,Genus,Arthropoda,Branchiopoda,Cladocera,Chydoridae,Eurycercus,,,,,,,,,,,,,
,,,,,,,,,,,Graptoleberis sp. undifferentiated,,,,,Adult,Graptoleberis,Genus,Arthropoda,Branchiopoda,Cladocera,Chydoridae,Graptoleberis,,,,,,,,,,,,,
,,,,,,,,,,,,,,Holopedium_gibberum,,Adult,Holopedium gibberum,Species,Arthropoda,Branchiopoda,Cladocera,Holopedidae,Holopedium,Holopedium gibberum,,,,,,,,,2020,,,
,,,,,,,,,,,Kurzia sp. undifferentiated,,,,,Adult,Kurzia,Genus,Arthropoda,Branchiopoda,Cladocera,Chydoridae,Kurzia,,,,,,,,,,,,,
,,,,,,,,,,,Leydigia sp. undifferentiated,,,,,Adult,Leydigia,Genus,Arthropoda,Branchiopoda,Cladocera,Chydoridae,Leydigia,,,,,,,,,,,,,
,,,,,,,,,,,Macrothrix sp. undifferentiated,,,Macrothrix_spp,,Adult,Macrothrix,Genus,Arthropoda,Branchiopoda,Cladocera,Macrothricidae,Macrothrix,,,,,,,,,,2017,,,
,,,,,,,,,,,Moina sp. undifferentiated,,,,,Undifferentiated,Moina,Genus,Arthropoda,Branchiopoda,Cladocera,Moinidae,Moina,,,,,,,,,,,,,
,,,,,,,,,,,Monospilus sp. undifferentiated,,,,,Adult,Monospilus,Genus,Arthropoda,Branchiopoda,Cladocera,Chydoridae,Monospilus,,,,,,,,,,,,,
,,,,,,,,,,,Monospilus dispar undifferentiated,,,,,Adult,Monospilus dispar,Species,Arthropoda,Branchiopoda,Cladocera,Chydoridae,Monospilus,Monospilus dispar,,,,,,,,,,,,
,,,,,,,,,,,Picripleuroxus sp. undifferentiated,,,,,Adult,Picripleuroxus,Genus,Arthropoda,Branchiopoda,Cladocera,Chydoridae,Picripleuroxus,,,,,,,,,,,,,
,,,,,,,,,,,Pleuroxus sp. undifferentiated,,,,,Adult,Pleuroxus,Genus,Arthropoda,Branchiopoda,Cladocera,Chydoridae,Pleuroxus,,,,,,,,,,,,,
,,,,,,,,,,,,,,Podonidae_UNID,,Adult,Podonidae,Family,Arthropoda,Branchiopoda,Cladocera,Podonidae,,,,,,,,,,,2020,,,
,,,,,,,,,,,Pseudochydorus sp. undifferentiated,,,,,Adult,Pseudochydorus,Species,Arthropoda,Branchiopoda,Cladocera,Chydoridae,Pseudochydorus,Pseudochydorus,,,,,,,,,,,,
,,,,,,,,,,,Pseudochydorus globosus undifferentiated,,,,,Adult,Pseudochydorus globosus,Species,Arthropoda,Branchiopoda,Cladocera,Chydoridae,Pseudochydorus,Pseudochydorus globosus,,,,,,,,,,,,
,,,,,,,,,,,Scapholeberis sp. undifferentiated,,,Scapholeberis_spp,,Adult,Scapholeberis,Genus,Arthropoda,Branchiopoda,Cladocera,Daphniidae,Scapholeberis,,,,,,,,,,2017,,,
,,,,,,,,,,,Simocephalus sp. undifferentiated,,,,,Undifferentiated,Simocephalus,Genus,Arthropoda,Branchiopoda,Cladocera,Daphniidae,Simocephalus,,,,,,,,,,,,,
,,,,,,,,,,Clupeidae larvae,,,,,,Larva,Clupeidae,Family,Chordata,Actinopterygii,Clupeiformes,Clupeidae,,,,,,,,,,,,,2016,
,,,,,,,,,,Cantharidae adult,,,,,,Adult,Cantharidae,Family,Arthropoda,Insecta,Coleoptera,Cantharidae,,,,,,,,,,,,,2018,
,,,,,,,,,,Carabidae adult,,,,,,Adult,Carabidae,Family,Arthropoda,Insecta,Coleoptera,Carabidae,,,,,,,,,,,,,2018,
,,,,,,,,,,Carabidae larvae,,,,,,Larva,Carabidae,Family,Arthropoda,Insecta,Coleoptera,Carabidae,,,,,,,,,,,,,2016,
,,,,,,,,,,Chrysomelidae adult,,,,,,Adult,Chrysomelidae,Family,Arthropoda,Insecta,Coleoptera,Chrysomelidae,,,,,,,,,,,,,2016,
,,,,,,,,,,Coccinellidae adult,,,,,,Adult,Coccinellidae,Family,Arthropoda,Insecta,Coleoptera,Coccinellidae,,,,,,,,,,,,,2016,
,,,,,,,,,,Curculionidae adult,,,,,,Adult,Curculionidae,Family,Arthropoda,Insecta,Coleoptera,Curculionidae,,,,,,,,,,,,,2016,
,,,,,,,,,,Curculionidae larvae,,,,,,Larva,Curculionidae,Family,Arthropoda,Insecta,Coleoptera,Curculionidae,,,,,,,,,,,,,2016,
,,,,,,,,,,Dytiscidae larvae,,,,,,Larva,Dytiscidae,Family,Arthropoda,Insecta,Coleoptera,Dytiscidae,,,,,,,,,,,,,2016,
,,,,,,,,,,Elmidae adult,,,,,,Adult,Elmidae,Family,Arthropoda,Insecta,Coleoptera,Elmidae,,,,,,,,,,,,,2018,
,,,,,,,,,,Gyrinidae larvae,,,,,,Larva,Gyrinidae,Family,Arthropoda,Insecta,Coleoptera,Gyrinidae,,,,,,,,,,,,,2016,
,,,,,,,,,,Haliplidae adult,,,,,,Adult,Haliplidae,Family,Arthropoda,Insecta,Coleoptera,Haliplidae,,,,,,,,,,,,,2018,
,,,,,,,,,,Heteroceridae adult,,,,,,Adult,Heteroceridae,Family,Arthropoda,Insecta,Coleoptera,Heteroceridae,,,,,,,,,,,,,2018,
,,,,,,,,,,Heteroceridae larvae,,,,,,Larva,Heteroceridae,Family,Arthropoda,Insecta,Coleoptera,Heteroceridae,,,,,,,,,,,,,2018,
,,,,,,,,,,Hydraenidae adult,,,,,,Adult,Hydraenidae,Family,Arthropoda,Insecta,Coleoptera,Hydraenidae,,,,,,,,,,,,,2018,
,,,,,,,,,,Hydroscaphidae adult,,,,,,Adult,Hydroscaphidae,Family,Arthropoda,Insecta,Coleoptera,Hydroscaphidae,,,,,,,,,,,,,2016,
,,,,,,,,,,Noteridae adult,,,,,,Adult,Noteridae,Family,Arthropoda,Insecta,Coleoptera,Noteridae,,,,,,,,,,,,,2018,
,,,,,,,,,,Scirtidae adult,,,,,,Adult,Scirtidae,Family,Arthropoda,Insecta,Coleoptera,Scirtidae,,,,,,,,,,,,,2016,
,,,,,,,,,,,Acanthocyclops vernalis copepodid,,,Acanthocyclops_vernalis_copepodid,,Juvenile,Acanthocyclops,Genus,Arthropoda,Copepoda,Cyclopoida,Cyclopidae,Acanthocyclops,,,,,,,,,,2017,,,
,,,,,,,,,,,,,,Acanthocyclops_vernalis_adult,,Adult,Acanthocyclops vernalis,Species,Arthropoda,Copepoda,Cyclopoida,Cyclopidae,Acanthocyclops,Acanthocyclops vernalis,,,,,,,,,2017,,,
OTHCYCJUV,OTHCYCJUV,,,OTHCYCJUV,,OTHCYCJUV,,,,,,,,,,Juvenile,Cyclopoida,Order,Arthropoda,Copepoda,Cyclopoida,,,,,1995,,2005,,,,,,,,
,,,,,,,,UnID cyclopoid,,,,,,Cyclopoid_UNID_adult,,Adult,Cyclopoida,Order,Arthropoda,Copepoda,Cyclopoida,,,,,,,,,1995,,,2017,,,
OTHCYCADPUMP,,,,,,,,,,,,,,,,Adult,Cyclopoida,Order,Arthropoda,Copepoda,Cyclopoida,,,,,1975,,,,,,,,,2016,
,,,,,,,,,,,,Cyclopodia,Cyclopodia,,,Undifferentiated,Cyclopoida,Order,Arthropoda,Copepoda,Cyclopoida,,,,,,,,,,,,,,,
,,,,,,,,,,,Diacyclops sp. adult,,,,,Adult,Diacyclops,Genus,Arthropoda,Copepoda,Cyclopoida,Cyclopodidae,Diacyclops,,,,,,,,,,,,,
,,,,,,,,,,,,,,Ditrichocorycaeus_affinis_adult,,Adult,Ditrichocorycaeus affinis,Species,Arthropoda,Copepoda,Cyclopoida,Corycaeidae,Ditrichocorycaeus,Ditrichocorycaeus affinis,,,,,,,,,2017,,,
,,,,,,,,,,,Ergasilus sp. adult,,,,,Adult,Ergasilus,Genus,Arthropoda,Copepoda,Cyclopoida,Cyclopidae,Ergasilus,,,,,,,,,,,,,
,,,,,,,,,,,Ergasilus sp. copepodid,,,,,Juvenile,Ergasilus,Genus,Arthropoda,Copepoda,Cyclopoida,Cyclopidae,Ergasilus,,,,,,,,,,,,,
,,,,,,,,,,,Eucyclops agilis adult,,,,,Adult,Eucyclops agilis,Species,Arthropoda,Copepoda,Cyclopoida,Cyclopidae,Eucyclops,Eucyclops agilis,,,,,,,,,,,,
,,,,,,,,,,,Eucyclops elegans adult,,,,,Adult,Eucyclops elegans,Species,Arthropoda,Copepoda,Cyclopoida,Cyclopidae,Eucyclops,Eucyclops elegans,,,,,,,,,,,,
,,,,,,,,,,,Eucyclops pectinifer adult,,,,,Adult,Eucyclops pectinifer,Species,Arthropoda,Copepoda,Cyclopoida,Cyclopidae,Eucyclops,Eucyclops pectinifer,,,,,,,,,,,,
,,,,,,,,,,,Eucyclops prionophorus adult,,,,,Adult,Eucyclops prionophorus,Species,Arthropoda,Copepoda,Cyclopoida,Cyclopidae,Eucyclops,Eucyclops prionophorus,,,,,,,,,,,,
,,,,,,,,,,,Lernaea sp. undifferentiated,,,,,Adult,Lernaea,Genus,Arthropoda,Copepoda,Cyclopoida,Lernaeidae,Lernaea,,,,,,,,,,,,,
,,,,,,,,,,,,,,Limnoithona_sinensis_copepodid,,Juvenile,Limnoithona sinensis,Species,Arthropoda,Copepoda,Cyclopoida,Cyclopettidae,Limnoithona,Limnoithona sinensis,1979,,,,,,,,2017,,,
,,,,,,,,,,,,Limnoithona sinensis,Limnoithona sinensis,,,Undifferentiated,Limnoithona sinensis,Species,Arthropoda,Copepoda,Cyclopoida,Cyclopettidae,Limnoithona,Limnoithona sinensis,1979,,,,,,,,,,,
,,,,,,,,,,,,,,Limnoithona_tetraspina_copepodid,,Juvenile,Limnoithona tetraspina,Species,Arthropoda,Copepoda,Cyclopoida,Cyclopettidae,Limnoithona,Limnoithona tetraspina,1993,,,,,,,,2017,,,
,,,,,,,,,,,Macrocyclops albidus adult,,,,,Adult,Macrocyclops albidus,Species,Arthropoda,Copepoda,Cyclopoida,Cyclopidae,Macrocyclops,Macrocyclops albidus,,,,,,,,,,,,
,,,,,,,,,,,Mesocyclops edax adult,,,,,Adult,Mesocyclops edax,Species,Arthropoda,Copepoda,Cyclopoida,Cyclopidae,Mesocyclops,Mesocyclops edax,,,,,,,,,,,,
,,,,,,,,,,,Microcyclops sp. adult,,,,,Adult,Microcyclops,Genus,Arthropoda,Copepoda,Cyclopoida,Cyclopidae,Microcyclops,,,,,,,,,,,,,
,,,,,,,,,,,Microcyclops rubellus adult,,,,,Adult,Microcyclops rubellus,Species,Arthropoda,Copepoda,Cyclopoida,Cyclopidae,Microcyclops,Microcyclops rubellus,,,,,,,,,,,,
,,,,,,,,,,,,,,Oithona_davisae_copepodid,,Juvenile,Oithona davisae,Species,Arthropoda,Copepoda,Cyclopoida,Oithonidae,Oithona,Oithona davisae,1963,,,,,,,,2017,,,
,,,,,,,,,,,,,,Oithona_similis_copepodid,,Juvenile,Oithona similis,Species,Arthropoda,Copepoda,Cyclopoida,Oithonidae,Oithona,Oithona similis,,,,,,,,,2017,,,
,,,,,,,,,,,Paracyclops chiltoni adult,,,,,Adult,Paracyclops chiltoni,Species,Arthropoda,Copepoda,Cyclopoida,Cyclopidae,Paracyclops,Paracyclops chiltoni,,,,,,,,,,,,
,,,,,,,,,,,Paracyclops fimbriatus adult,,,,,Adult,Paracyclops fimbriatus,Species,Arthropoda,Copepoda,Cyclopoida,Cyclopidae,Paracyclops,Paracyclops fimbriatus,,,,,,,,,,,,
,,,,,,,,,,,Paracyclops poppei adult,,,,,Adult,Paracyclops poppei,Species,Arthropoda,Copepoda,Cyclopoida,Cyclopidae,Paracyclops,Paracyclops poppei,,,,,,,,,,,,
,,,,,,,,,,,Ectocyclops phaleratus adult,,,,,Adult,Platycyclops phaleratus,Species,Arthropoda,Copepoda,Cyclopoida,Cyclopidae,Platycyclops,Platycyclops phaleratus,,,,,,,,,,,,
,,,,,,,,,,,Eucyclops phaleratus adult,,,,,Adult,Platycyclops phaleratus,Species,Arthropoda,Copepoda,Cyclopoida,Cyclopidae,Platycyclops,Platycyclops phaleratus,,,,,,,,,,,,
,,,,,,,,,,,Ectocyclops phaleratus copepodid,,,,,Juvenile,Platycyclops phaleratus,Species,Arthropoda,Copepoda,Cyclopoida,Cyclopidae,Platycyclops,Platycyclops phaleratus,,,,,,,,,,,,
,,,,,,,,,,,Tropocyclops sp. adult,,,,,Adult,Tropocyclops,Genus,Arthropoda,Copepoda,Cyclopoida,Cyclopidae,Tropocyclops,,,,,,,,,,,,,
,,,,,,,,,,,Tropocyclops prasinus adult,,,,,Adult,Tropocyclops prasinus,Species,Arthropoda,Copepoda,Cyclopoida,Cyclopidae,Tropocyclops,Tropocyclops prasinus,,,,,,,,,,,,
,,,,,,,,,,Comb Jelly,,,,,,Adult,Pleurobrachia,Genus,Ctenophora,Tentaculata,Cydippida,Pleurobrachiidae,Pleurobrachia,,,,,,,,,,,,2022,
,,,,,,,,,,Sacramento Sucker,,,,,,Juvenile,Catosomus occidentalis,Species,Chordata,Actinopterygii,Cypriniformes,Catostomidae,Catostomus,Catosomus occidentalis,,,,,,,,,,,2016,
,,,,,,,,,,Bay Shrimp,,,,,Crangon_spp,Adult,Crangon,Genus,Arthropoda,Malacostraca,Decapoda,Crangonidae,Crangon,,,,,,,,,,2017,,2016,
,,,,,,,,,,,,,,,Shrimp_UNID_larvae,Larva,Decapoda,Order,Arthropoda,Malacostraca,Decapoda,,,,,,,,,,,,2018,,,
,,,,,,,,,,,Crustacea undifferentiated,,,,,Undifferentiated,Decapoda,Order,Arthropoda,Malacostraca,Decapoda,,,,,,,,,,,,,,,
,,,,,,,,,,Siberian Prawn,,,,,Exopalaemon_spp,Adult,Exopalaemon modestus,Species,Arthropoda,Malacostraca,Decapoda,Palaemonidae,Exopalaemon,Exopalaemon modestus,,,,,,,,,2018,2020,2016,
,,,,,,,,,,Crayfish,,,,,,Adult,Pacifastacus,Genus,Arthropoda,Malacostraca,Decapoda,Astacidae,Pacifastacus,,,,,,,,,,,,2016,
,,,,,,,,,,Mississippi Grass Shrimp,,,,,,Adult,Palaemon kadiakensis,Species,Arthropoda,Malacostraca,Decapoda,Palaemonidae,Palaemon,Palaemon kadiakensis,,,,,,,,,,,2016,
,,,,,,,,,,Oriental Shrimp,,,,,,Adult,Palaemon macrodactylus,Species,Arthropoda,Malacostraca,Decapoda,Palaemonidae,Palaemon,Palaemon macrodactylus,,,,,,,,,,,2016,
,,,,,,,,,,Earwig,,,,,,Adult,Dermaptera,Order,Arthropoda,Insecta,Dermaptera,,,,,,,,,,,,,,2016,
,,,,,,,,,,,Anchistropus sp. undifferentiated,,,,,Undifferentiated,Anchistropus,Genus,Arthropoda,Branchiopoda,Diplostraca,Chydoridae,Anchistropus,,,,,,,,,,,,,
,,,,,,,,,,,Camptocercus sp. undifferentiated,,,Camptocercus_spp,,Undifferentiated,Camptocercus,Genus,Arthropoda,Branchiopoda,Diplostraca,Eurycercidae,Camptocercus,,,,,,,,,,2017,,,
,,,,,,,,,,Chaoboridgae larvae,,,,,,Larva,Chaoboridae,Family,Arthropoda,Insecta,Diptera,Chaoboridae,,,,,,,,,,,,,2018,
,,,,,,,,,,Dolichopodidae larvae,,,,,,Larva,Dolichopodidae,Family,Arthropoda,Insecta,Diptera,Dolichopodidae,,,,,,,,,,,,,2016,
,,,,,,,,,,Ephydridae larvae,,,,,,Larva,Ephydridae,Family,Arthropoda,Insecta,Diptera,Ephydridae,,,,,,,,,,,,,2016,
,,,,,,,,,,Muscidae larvae,,,,,,Larva,Muscidae,Family,Arthropoda,Insecta,Diptera,Muscidae,,,,,,,,,,,,,2018,
,,,,,,,,,,Psychodidae larvae,,,,,,Larva,Psychodidae,Family,Arthropoda,Insecta,Diptera,Psychodidae,,,,,,,,,,,,,2016,
,,,,,,,,,,Sciomyzidae larvae,,,,,,Larva,Sciomyzidae,Family,Arthropoda,Insecta,Diptera,Sciomyzidae,,,,,,,,,,,,,2016,
,,,,,,,,,,Simuliidae larvae,,,,,,Larva,Simuliidae,Family,Arthropoda,Insecta,Diptera,Simuliidae,,,,,,,,,,,,,2016,
,,,,,,,,,,Stratiomyidae,,,,,,Undifferentiated,Stratiomyidae,Family,Arthropoda,Insecta,Diptera,Stratiomyidae,,,,,,,,,,,,,2018,
,,,,,,,,,,Tabanidae,,,,,,Larva,Tabanidae,Family,Arthropoda,Insecta,Diptera,Tabanidae,,,,,,,,,,,,,2016,
,,,,,,,,,,Tipulidae larvae,,,,,,Larva,Tipulidae,Family,Arthropoda,Insecta,Diptera,Tipulidae,,,,,,,,,,,,,2016,
,,,,,,,,,,Baetidae,,,,,,Larva,Baetidae,Family,Arthropoda,Insecta,Ephemeroptera,Baetidae,,,,,,,,,,,,,2016,
,,,,,,,,,,Caenidae,,,,,,Larva,Caenidae,Family,Arthropoda,Insecta,Ephemeroptera,Caenidae,,,,,,,,,,,,,2016,
,,,,,,,,,,Ephemeroptera adult,,,,,,Adult,Ephemeroptera,Order,Arthropoda,Insecta,Ephemeroptera,,,,,,,,,,,,,,2016,
,,,,,,,,,,Leptohyphidae mayfly larvae,,,,,,Larva,Tricorythodes minutus,Species,Arthropoda,Insecta,Ephemeroptera,Leptohyphidae,Tricorythodes,Tricorythodes minutus,,,,,,,,,,,2016,
,,,,,,,,,,Heptageniidae nymph,,,,,,Larva,Heptageniidae,Family,Arthropoda,Insecta,Ephemoroptera,Heptageniidae,,,,,,,,,,,,,2018,
,,,,,,,,,,,,,,,,,,,Arthropoda,Anomopoda,Eurycercidae,NA,Eurycercus,,,,,,,,,,,,,
,,,,,,,,,,Goby unid,,,,,,Larva,Gobiidae,Family,Chordata,Actinopterygii,Gobiformes,Gobiidae,,,,,,,,,,,,,2016,
,,,,,,,,,,Longjaw Mudsucker,,,,,,Juvenile,Gillichthys mirabilis,Species,Chordata,Actinopterygii,Gobiiformes,Oxudercidae,Gillichthys,Gillichthys mirabilis,,,,,,,,,,,2022,
,,,,,,,,,,Lumbricidae,,,,,,Undifferentiated,Lumbricidae,Family,Annelida,Oligochaeta,Haplotaxida,Lumbricidae,,,,,,,,,,,,,2016,
,,,,,,,,,,Belostomatidae,,,,,,Adult,Belostomatidae,Family,Arthropoda,Insecta,Hemiptera,Belostomatidae,,,,,,,,,,,,,2016,
,,,,,,,,,,Cicadellidae,,,,,,Adult,Cicadellidae,Family,Arthropoda,Insecta,Hemiptera,Cicadellidae,,,,,,,,,,,,,2016,
,,,,,,,,,,Delphacidae,,,,,,Adult,Delphacidae,Family,Arthropoda,Insecta,Hemiptera,Delphacidae,,,,,,,,,,,,,2018,
,,,,,,,,,,Gerridae,,,,,,Adult,Gerridae,Family,Arthropoda,Insecta,Hemiptera,Gerridae,,,,,,,,,,,,,2016,
,,,,,,,,,,Hebridae,,,,,,Adult,Hebridae,Family,Arthropoda,Insecta,Hemiptera,Hebridae,,,,,,,,,,,,,2016,
,,,,,,,,,,Hydrometridae,,,,,,Adult,Hydrometridae,Family,Arthropoda,Insecta,Hemiptera,Hydrometridae,,,,,,,,,,,,,2016,
,,,,,,,,,,Mesoveliidae,,,,,,Adult,Mesoveliidae,Family,Arthropoda,Insecta,Hemiptera,Mesoveliidae,,,,,,,,,,,,,2016,
,,,,,,,,,,Nepidae,,,,,,Adult,Nepidae,Family,Arthropoda,Insecta,Hemiptera,Nepidae,,,,,,,,,,,,,2016,
,,,,,,,,,,Notonectidae,,,,,,Adult,Notonectidae,Family,Arthropoda,Insecta,Hemiptera,Notonectidae,,,,,,,,,,,,,2018,
,,,,,,,,,,Planorbidae UNID,,,,,,Adult,Planorbidae,Family,Mollusca,Gastropoda,Hygrophila,Planorbidae,,,,,,,,,,,,,2016,
,,,,,,,,,,Anthuridae,,,,,,Adult,Anthuridae,Family,Arthropoda,Malacostraca,Isopoda,Anthuridae,,,,,,,,,,,,,2018,
,,,,,,,,,,Caecidotea,,,,,,Adult,Caecidotea,Genus,Arthropoda,Malacostraca,Isopoda,Asellidae,Caecidotea,,,,,,,,,,,,2016,
,,,,,,,,,,,Isopoda undifferentiated,,,,Isopoda_UNID,Undifferentiated,Isopoda,Order,Arthropoda,Malacostraca,Isopoda,,,,,,,,,,,,2018,,,
,,,,,,,,,,Ligidium,,,,,,Adult,Ligidium lates,Species,Arthropoda,Malacostraca,Isopoda,Ligiidae,Ligidium,Ligidium lates,,,,,,,,,,,2016,
,,,,,,,,,,Synidotea,,,,,,Adult,Synidotea,Family,Arthropoda,Malacostraca,Isopoda,Synidotea,,,,,,,,,,,,,2018,
,,,,,,,,,,Termite,,,,,,Adult,Isoptera,Order,Arthropoda,Insecta,Isoptera,,,,,,,,,,,,,,2018,
,,,,,,,,,,Blackfordia,,,,,,Adult,Blackfordia,Genus,Cnidaria,Hydrozoa,Leptothecata,Blackfordiidae,Blackfordia,,,,,,,,,,,,2022,
,,,,,,,,,,Prostoma,,,,,,Undifferentiated,Prostoma,Genus,Nemertea,Enopla,Monostilifera,Tetrastemmatidae,Prostoma,,,,,,,,,,,,2016,
,,A_macropsis,Alienacanthomysis macropsis,,Alienacanthomysis macropsis,,Alienacanthomysis_macropsis,,,Alienacanthomysis macropsis,,,,,Alienacanthomysis_macropsis,Adult,Alienacanthomysis macropsis,Species,Arthropoda,Malacostraca,Mysida,Mysidae,Alienacanthomysis,Alienacanthomysis macropsis,,1994,,2007,,,,,2017,,2016,
,,D_holmquistae,Deltamysis holmquistae,,Deltamysis holmquistae,,Deltamysis_holmquistae,,,Deltamysis homquistae,,,,,Deltamysis_holmquistae,Adult,Deltamysis holmquistae,Species,Arthropoda,Malacostraca,Mysida,Mysidae,Deltamysis,Deltamysis holmquistae,1977,1979,,2007,,,,,2017,,2016,
,,,Hyperacanthomysis longirostris,,,,,,,,,,,,Hyperacanthomysis_longirostris,Adult,Hyperacanthomysis longirostris,Species,Arthropoda,Malacostraca,Mysida,Mysidae,Hyperacanthomysis,Hyperacanthomysis longirostris,1993,,,,,,,,2017,,,
,,,,,,,,,,,Mysidae undifferentiated,,,,,Undifferentiated,Mysidae,Family,Arthropoda,Malacostraca,Mysida,Mysidae,,,,,,,,,,,,,,
,,A_aspera,Acanthomysis aspera,,Acanthomysis aspera,,Acanthomysis_aspera,Acanthomysis aspera,,,,,,,Orientomysis_aspera,Adult,Orientomysis aspera,Species,Arthropoda,Malacostraca,Mysida,Mysidae,Orientomysis,Orientomysis aspera,1992,1992,,2007,,1995,,,2017,,,
,,A_hwanhaiensis,Acanthomysis hwanhaiensis,,Acanthomysis hwanhaiensis,,Acanthomysis_hwanhaiensis,,,,,,,,Orientomysis_hwanhaiensis,Adult,Orientomysis hwanhaiensis,Species,Arthropoda,Malacostraca,Mysida,Mysidae,Orientomysis,Orientomysis hwanhaiensis,1997,1997,,2007,,,,,2017,,,
,,,,,,,,,,Neuroptera adult,,,,,,Adult,Neuroptera,Order,Arthropoda,Insecta,Neuroptera,,,,,,,,,,,,,,2016,
,,,,,,,,,,Sisyridae larvae,,,,,,Larva,Sisyridae,Family,Arthropoda,Insecta,Neuroptera,Sisyridae,,,,,,,,,,,,,2016,
,,,,,,,,,,Nudibranch,,,,,,Undifferentiated,Nudibranchia,Order,Mollusca,Gastropoda,Nudibranchia,,,,,,,,,,,,,,2016,
,,,,,,,,,,Aeshnidae larvae,,,,,,Larva,Aeshnidae,Family,Arthropoda,Insecta,Odonata,Aeshnidae,,,,,,,,,,,,,2016,
,,,,,,,,,,Gomphidae larvae,,,,,,Larva,Gomphidae,Family,Arthropoda,Insecta,Odonata,Gomphidae,,,,,,,,,,,,,2016,
,,,,,,,,,,Libellulidae,,,,,,Larva,Libellulidae,Family,Arthropoda,Insecta,Odonata,Libellulidae,,,,,,,,,,,,,2016,
,,,,,,,,,,Damselfly adult,,,,,,Adult,Odonata,Order,Arthropoda,Insecta,Odonata,,,,,,,,,,,,,,2016,
,,,,,,,,,,Orthoptera,,,,,,Adult,Orthoptera,Order,Arthropoda,Insecta,Orthoptera,,,,,,,,,,,,,,2016,
,,,,,,,,,,Black Bass (unknown species),,,,,,Juvenile,Centrarchidae,Family,Chordata,Actinopterygii,Perciformes,Centrarchidae,,,,,,,,,,,,,2016,
,,,,,,,,,,Hediste limnicola,,,,,,Undifferentiated,Hediste limnicola,Species,Annelida,Polychaeta,Phyllodocida,Nereididae,Hediste,Hediste limnicola,,,,,,,,,,,2016,
,,,,,,,,,,,,,,Brachionidae_UNID,,Adult,Brachionidae,Family,Rotifera,Eurotatoria,Ploima,Brachionidae,,,,,,,,,,,2019,,,
SYNCHBIC,SYNCHBIC,,,,,,,Synchaeta bicornis,,,,,,Synchaeta_bicornis,,Adult,Synchaeta bicornis,Species,Rotifera,Eurotatoria,Ploima,Synchaetidae,Synchaeta,Synchaeta bicornis,,1972,,,,1995,,,2018,,,
,,,,,,,,,,Magnificent Bryozoan,,,,,,Adult,Pectinatella magnifica,Species,Bryozoa,Phylactolaemata,Plumatellida,Pectinatellidae,Pectinatella,Pectinatella magnifica,,,,,,,,,,,2016,
,,,,,,,,,,Psocoptera adult,,,,,,Adult,Psocoptera,Order,Arthropoda,Insecta,Psocoptera,,,,,,,,,,,,,,2016,
,,,,,,,,,,Psocoptera larvae,,,,,,Larva,Psocoptera,Order,Arthropoda,Insecta,Psocoptera,,,,,,,,,,,,,,2016,
,,,,,,,,,,Pisidium,,,,,,Adult,Pisidium,Genus,Mollusca,Bivalvia,Sphaeriida,Sphaeriidae,Pisidium,,,,,,,,,,,,2018,
,,,,,,,,,,Hydroptilidae pupae Caddisfly,,,,,,Pupa,Hydroptilidae,Family,Arthropoda,Insecta,Trichoptera,Hydroptilidae,,,,,,,,,,,,,2016,
,,,,,,,,,,Yellowfin Goby,,,,,,Juvenile,Acanthogobius flavimanus,Species,Chordata,Actinopterygii,,Gobiidae,Acanthogobius,Acanthogobius flavimanus,,,,,,,,,,,2016,
,,,,,,,,,,,Actinopterygii larva,,,,,Larva,Actinopterygii,Class,Chordata,Actinopterygii,,,,,,,,,,,,,,,,
,,,,,,,,,,,Actinopterygii undifferentiated,,,,,Undifferentiated,Actinopterygii,Class,Chordata,Actinopterygii,,,,,,,,,,,,,,,,
,,,,,,,,,,American Shad,,,,,,Juvenile,Alosa sapidissima,Species,Chordata,Actinopterygii,,Clupeidae,Alosa,Alosa sapidissima,,,,,,,,,,,2016,
,,,,,,,,,,Animal material UNID,,Other,Other,,,Undifferentiated,Animalia,,Animalia,,,,,,,,,,,,,,,,2016,
,,,,,,,,Annelid worms,,,,,,,,Adult,Annelida,Phylum,Annelida,,,,,,,,,,,1995,2005,,,,,
,,,,,,,,,,,Annelida undifferentiated,,,,,Undifferentiated,Annelida,Phylum,Annelida,,,,,,,,,,,,,,,,,
,,,,,,,,,,,Arthropoda nauplius,,,,,Larva,Arthropoda,Phylum,Arthropoda,,,,,,,,,,,,,,,,,
,,,,,,,,,,Jacksmelt,,,,,,Juvenile,Atherinopsis californiensis,Species,Chordata,Actinopterygii,,Atherinopsidae,Atherinopsis,Atherinopsis californiensis,,,,,,,,,,,2016,
,,,,,,,,,,Bryozoa unid,,,,,,Adult,Bryozoa,Phylum,Bryozoa,,,,,,,,,,,,,,,,2018,
,,,,,,,,,,Arrow worm,,,,,,Adult,Chaetognatha,Phylum,Chaetognatha,,,,,,,,,,,,,,,,2018,
,,,,,,,,,,Fish Eggs,Actinopterygii eggs,,,,,Egg,Chordata,Phylum,Chordata,,,,,,,,,,,,,,,,2016,
,,,,,,,,,,Barnacle adult,,,,,,Adult,Cirripedia,Class,Arthropoda,Cirripedia,,,,,,1972,,2005,,1995,,,2017,,2016,
,,,,,,,,,,Arrow Goby,,,,,,Juvenile,Clevelandia ios,Species,Chordata,Actinopterygii,,Gobiidae,Clevelandia,Clevelandia ios,,,,,,,,,,,2016,
,,,,,,,,,,Pacific Herring,,,,,,Juvenile,Clupea pallasi,Species,Chordata,Actinopterygii,,Clupeidae,Clupea,Clupea pallasi,,,,,,,,,,,2016,
,,,,,,,,,,Cnidaria Other,,,,,,Undifferentiated,Cnidaria,Phylum,Cnidaria,,,,,,,,,,,,,,,,2016,
COPNAUP,COPNAUP,,,,,,,Copepod nauplii,,,Copepoda nauplius,,,Copepod_UNID_nauplii,,Larva,Copepoda,Class,Arthropoda,Copepoda,,,,,,1972,1988,,,1995,,,2017,,,
,,,,,,,,,,,,Copepoda,Copepoda,,,Undifferentiated,Copepoda,Class,Arthropoda,Copepoda,,,,,,,,,,,,,,,,
,,,,,,,,,,Millipede,,,,,,Adult,Diplopoda,Class,Arthropoda,Diplopoda,,,,,,,,,,,,,,,2018,
,,,,,,,,,,Slug,,,,,,Adult,Gastropoda,Class,Mollusca,Gastropoda,,,,,,,,,,,,,,,2016,
,,,,,,,,,,Snail Eggs,,,,,,Egg,Gastropoda,Class,Mollusca,Gastropoda,,,,,,,,,,,,,,,2016,
,,,,,,,,,,,Mollusca larva,,,,,Juvenile,Gastropoda,Class,Mollusca,Gastropoda,,,,,,,,,,,,,,,,
,,,,,,,,,,,Mollusca undifferentiated,Gastropoda,Gastropoda,,,Undifferentiated,Gastropoda,Class,Mollusca,Gastropoda,,,,,,,,,,,,,,,,
,,,,,,,,,,Delta Smelt,,,,,,Juvenile,Hypomesus transpacificus,Species,Chordata,Actinopterygii,,Osmeridae,Hypomesus,Hypomesus transpacificus,,,,,,,,,,,2016,
,,,,,,,,,,River Lamprey,,,,,,Juvenile,Lampetra ayresi,Species,Chordata,Actinopterygii,,Petromyzontidae,Lampetra,Lampetra ayresi,,,,,,,,,,,2016,
,,,,,,,,,,Hitch,,,,,,Juvenile,Lavinia exilicauda,Species,Chordata,Actinopterygii,,Cyprinidae,Lavinia,Lavinia exilicauda,,,,,,,,,,,2016,
,,,,,,,,,,Green Sunfish,,,,,,Juvenile,Lepomis cyanellus,Species,Chordata,Actinopterygii,,Centrarchidae,Lepomis,Lepomis cyanellus,,,,,,,,,,,2016,
,,,,,,,,,,Bluegill,,,,,,Juvenile,Lepomis macrochirus,Species,Chordata,Actinopterygii,,Centrarchidae,Lepomis,Lepomis macrochirus,,,,,,,,,,,2016,
,,,,,,,,,,Redear,,,,,,Juvenile,Lepomis microlophus,Species,Chordata,Actinopterygii,,Centrarchidae,Lepomis,Lepomis microlophus,,,,,,,,,,,2016,
,,,,,,,,,,Pacific Staghorn Sculpin,,,,,,Juvenile,Leptocottus armatus,Species,Chordata,Actinopterygii,,Cottidae,Leptocottus,Leptocottus armatus,,,,,,,,,,,2016,
,,,,,,,,,,Nemertea,,,,,,Undifferentiated,Nemertea,Phylum,Nemertea,,,,,,,,,,,,,,,,2016,
,,,,,,,,,,Osmeridae spp.,,,,,,Juvenile,Osmeridae,Family,Chordata,Actinopterygii,,Osmeridae,,,,,,,,,,,,,2016,
,,,,,,,,,,Fathead Minnow,,,,,,Juvenile,Pimephales promelas,Species,Chordata,Actinopterygii,,Cyprinidae,Pimephales,Pimephales promelas,,,,,,,,,,,2016,
,,,,,,,,,,Black Crappie,,,,,,Juvenile,Pomoxis nigromaculatus,Species,Chordata,Actinopterygii,,Centrarchidae,Pomoxis,Pomoxis nigromaculatus,,,,,,,,,,,2016,
,,,,,,,,Unid rotifer,,,Rotifera undifferentiated,,Rotifera,Rotifer_UNID,,Adult,Rotifera,Phylum,Rotifera,,,,,,,,,,,1995,,,2017,,,
,,,,,,,,,,Longfin Smelt,,,,,,Juvenile,Spirinchus thaleichthys,Species,Chordata,Actinopterygii,,Osmeridae,Spirinchus,Spirinchus thaleichthys,,,,,,,,,,,2016,
,,,,,,,,,,Longfin Smelt (Yolk-Sac),,,,,,Larva,Spirinchus thaleichthys,Species,Chordata,Actinopterygii,,Osmeridae,Spirinchus,Spirinchus thaleichthys,,,,,,,,,,,2016,
,,,,,,,,,,,,Tardigrada,Tardigrada,,,Adult,Tardigrada,Phylum,Tardigrada,,,,,,,,,,,,,,,,,
,,,,,,,,,,,,Teleosti,Teleosti,,,Undifferentiated,Teleostei,Class,Chordata,Teleostei,,,,,,,,,,,,,,,,
,,,,,,,,,,,,Teleosti,Teleosti,,,Undifferentiated,Teleostei,Class,Chordata,Teleostei,,,,,,,,,,,,,,,,
,,,,,,,,,,Shimofuri Goby,,,,,,Juvenile,Tridentiger bifasciatus,Species,Chordata,Actinopterygii,,Gobiidae,Tridentiger,Tridentiger bifasciatus,,,,,,,,,,,2016,
,,,,,,,,,,Egg Sacs,,,,,,Egg,Unknown,,Unknown,,,,,,,,,,,,,,,,2016,
,,,,,,,,,,Eggs UNID,,,,,,Egg,Unknown,,Unknown,,,,,,,,,,,,,,,,2016,
